bilheteunico;calldate;hora;tipo;app;origem;destino;duracao;billsec;duracaototal;
1677142782.2;23/02/2023;05:59:43;IN;Agente;1105;Agente/609;23;3;26;
1677142816.4;23/02/2023;06:00:16;IN;Agente;1116;Agente/607;16;15;31;
1677143515.8;23/02/2023;06:11:55;IN;Agente;1113;Agente/613;20;2;22;
1677145169.13;23/02/2023;06:39:29;IN;Agente;2310;Agente/611;26;3;29;
1677145255.15;23/02/2023;06:40:55;IN;Agente;0003;Agente/608;9;4;13;
1677145373.17;23/02/2023;06:42:54;IN;Agente;0004;Agente/612;13;3;16;
1677145395.19;23/02/2023;06:43:15;IN;Agente;0009;Agente/609;20;3;23;
1677145418.21;23/02/2023;06:43:39;IN;Agente;0019;Agente/607;28;3;31;
1677145619.23;23/02/2023;06:46:59;IN;Agente;0017;Agente/613;27;3;30;
1677145840.25;23/02/2023;06:50:40;IN;Agente;2302;Agente/611;20;3;23;
1677145857.27;23/02/2023;06:50:57;IN;Agente;0017;Agente/608;7;2;9;
1677145869.29;23/02/2023;06:51:09;IN;Agente;4211;Agente/612;17;3;20;
1677145936.31;23/02/2023;06:52:16;IN;Agente;1403;Agente/609;20;3;23;
1677145943.33;23/02/2023;06:52:23;IN;Agente;4105;Agente/607;19;3;22;
1677145969.35;23/02/2023;06:52:49;IN;Agente;4118;Agente/613;26;2;28;
1677145974.36;23/02/2023;06:52:54;IN;Agente;2203;Agente/611;21;2;23;
1677145977.38;23/02/2023;06:52:57;IN;Agente;4115;Agente/608;10;4;14;
1677145979.39;23/02/2023;06:52:59;IN;Agente;2019;Agente/612;16;3;19;
1677146015.43;23/02/2023;06:53:36;IN;Agente;4406;Agente/609;15;3;18;
1677146033.45;23/02/2023;06:53:53;IN;Agente;0214;Agente/607;14;2;16;
1677146047.47;23/02/2023;06:54:07;IN;Agente;1410;Agente/608;9;2;11;
1677146072.49;23/02/2023;06:54:32;IN;Agente;2607;Agente/611;32;3;35;
1677146078.50;23/02/2023;06:54:38;IN;Agente;2613;Agente/612;23;2;25;
1677146095.53;23/02/2023;06:54:55;IN;Agente;4121;Agente/613;16;2;18;
1677146103.55;23/02/2023;06:55:03;IN;Agente;0212;Agente/609;20;3;23;
1677146104.56;23/02/2023;06:55:04;IN;Agente;0209;Agente/607;24;3;27;
1677146113.59;23/02/2023;06:55:13;IN;Agente;2415;Agente/608;16;3;19;
1677146114.60;23/02/2023;06:55:14;IN;Agente;2109;Agente/612;14;3;17;
1677146124.63;23/02/2023;06:55:24;IN;QUE;2602;VILLE-900;0;1;1;
1677146125.64;23/02/2023;06:55:25;IN;Agente;4408;Agente/611;20;3;23;
1677146132.67;23/02/2023;06:55:32;IN;Agente;4407;Agente/613;20;2;22;
1677146142.69;23/02/2023;06:55:43;IN;Agente;2006;Agente/609;16;3;19;
1677146143.70;23/02/2023;06:55:43;IN;Agente;2602;Agente/607;15;3;18;
1677146144.71;23/02/2023;06:55:45;IN;Agente;4410;Agente/612;15;1;16;
1677146146.72;23/02/2023;06:55:46;IN;Agente;0014;Agente/608;13;5;18;
1677146146.73;23/02/2023;06:55:47;IN;Agente;3805;Agente/611;37;11;48;
1677146156.78;23/02/2023;06:55:56;IN;Agente;1801;Agente/612;10;9;19;
1677146158.79;23/02/2023;06:55:58;IN;Agente;2302;Agente/613;35;10;45;
1677146163.81;23/02/2023;06:56:03;IN;QUE;3407;VILLE-900;0;0;0;
1677146166.82;23/02/2023;06:56:06;IN;Agente;2010;Agente/607;11;11;22;
1677146177.85;23/02/2023;06:56:17;IN;Agente;3702;Agente/609;13;2;15;
1677146179.86;23/02/2023;06:56:19;IN;Agente;4201;Agente/608;12;2;14;
1677146191.90;23/02/2023;06:56:32;IN;Agente;2016;Agente/612;16;3;19;
1677146202.92;23/02/2023;06:56:42;IN;Agente;3407;Agente/607;23;3;26;
1677146213.94;23/02/2023;06:56:53;IN;Agente;4408;Agente/609;19;2;21;
1677146248.96;23/02/2023;06:57:28;IN;Agente;3401;Agente/608;9;2;11;
1677146249.97;23/02/2023;06:57:29;IN;Agente;4406;Agente/611;14;3;17;
1677146250.98;23/02/2023;06:57:30;IN;Agente;3808;Agente/613;37;2;39;
1677146265.102;23/02/2023;06:57:45;IN;Agente;0204;Agente/612;14;2;16;
1677146298.104;23/02/2023;06:58:18;IN;Agente;3410;Agente/607;20;2;22;
1677146343.106;23/02/2023;06:59:03;IN;Agente;2705;Agente/609;29;2;31;
1677146344.107;23/02/2023;06:59:04;IN;Agente;3804;Agente/608;12;3;15;
1677146347.108;23/02/2023;06:59:08;IN;Agente;1812;Agente/611;27;3;30;
1677146352.111;23/02/2023;06:59:12;IN;Agente;1805;Agente/612;12;3;15;
1677146352.112;23/02/2023;06:59:13;IN;Agente;1817;Agente/613;28;4;32;
1677146354.113;23/02/2023;06:59:14;IN;Agente;2708;Agente/607;33;3;36;
1677146369.118;23/02/2023;06:59:29;IN;Agente;1103;Agente/608;13;3;16;
1677146375.119;23/02/2023;06:59:35;IN;Agente;2215;Agente/612;16;3;19;
1677146396.122;23/02/2023;06:59:56;IN;Agente;3709;Agente/609;18;3;21;
1677146396.123;23/02/2023;06:59:56;IN;Agente;1108;Agente/611;28;2;30;
1677146398.124;23/02/2023;06:59:58;IN;Agente;1902;Agente/613;31;3;34;
1677146402.125;23/02/2023;07:00:02;IN;Agente;3420;Agente/608;13;3;16;
1677146418.130;23/02/2023;07:00:18;IN;Agente;1404;Agente/607;10;16;26;
1677146435.132;23/02/2023;07:00:35;IN;Agente;3802;Agente/608;10;3;13;
1677146435.133;23/02/2023;07:00:35;IN;Agente;2115;Agente/612;16;2;18;
1677146435.134;23/02/2023;07:00:35;IN;Agente;2317;Agente/609;23;2;25;
1677146468.139;23/02/2023;07:01:09;IN;Agente;3414;Agente/611;33;3;36;
1677146472.140;23/02/2023;07:01:13;IN;Agente;2410;Agente/613;13;3;16;
1677146475.141;23/02/2023;07:01:15;IN;Agente;2807;Agente/607;12;3;15;
1677146490.145;23/02/2023;07:01:30;IN;Agente;2604;Agente/608;12;2;14;
1677146493.146;23/02/2023;07:01:34;IN;Agente;4416;Agente/612;12;3;15;
1677146522.149;23/02/2023;07:02:02;IN;Agente;2205;Agente/609;61;3;64;
1677146535.151;23/02/2023;07:02:15;IN;Agente;3707;Agente/613;23;4;27;
1677146538.152;23/02/2023;07:02:18;IN;Agente;1003;Agente/607;12;3;15;
1677146549.155;23/02/2023;07:02:29;IN;Agente;1012;Agente/611;21;2;23;
1677146557.157;23/02/2023;07:02:37;IN;Agente;3815;Agente/608;13;2;15;
1677146564.159;23/02/2023;07:02:44;IN;Agente;2004;Agente/612;14;3;17;
1677146604.161;23/02/2023;07:03:24;IN;Agente;4021;Agente/607;15;2;17;
1677146620.163;23/02/2023;07:03:41;IN;Agente;4002;Agente/613;25;4;29;
1677146622.164;23/02/2023;07:03:42;IN;Agente;4011;Agente/611;25;2;27;
1677146623.165;23/02/2023;07:03:43;IN;Agente;4019;Agente/608;13;2;15;
1677146659.169;23/02/2023;07:04:19;IN;Agente;2203;Agente/612;37;2;39;
1677146665.170;23/02/2023;07:04:25;IN;Agente;1417;Agente/609;20;3;23;
1677146670.172;23/02/2023;07:04:30;IN;Agente;3805;Agente/607;14;3;17;
1677146672.174;23/02/2023;07:04:32;IN;Agente;1415;Agente/608;12;1;13;
1677146675.175;23/02/2023;07:04:35;IN;URA;4015;VILLE-FR_ONLINE;0;3;3;
1677146680.178;23/02/2023;07:04:40;IN;Agente;1911;Agente/611;27;3;30;
1677146691.180;23/02/2023;07:04:51;IN;Agente;1019;Agente/613;48;2;50;
1677146759.182;23/02/2023;07:05:59;IN;Agente;1108;Agente/608;5;2;7;
1677146762.183;23/02/2023;07:06:02;IN;Agente;3811;Agente/609;22;4;26;
1677146793.186;23/02/2023;07:06:33;IN;Agente;1108;Agente/607;37;4;41;
1677146803.188;23/02/2023;07:06:43;IN;Agente;3805;Agente/612;16;2;18;
1677146808.189;23/02/2023;07:06:48;IN;Agente;0207;Agente/611;25;3;28;
1677146819.192;23/02/2023;07:06:59;IN;Agente;3603;Agente/613;14;3;17;
1677146840.194;23/02/2023;07:07:20;IN;Agente;2801;Agente/608;11;3;14;
1677146840.195;23/02/2023;07:07:21;IN;Agente;2307;Agente/609;14;3;17;
1677146891.198;23/02/2023;07:08:11;IN;Agente;3802;Agente/612;8;2;10;
1677146894.199;23/02/2023;07:08:14;IN;Agente;4015;Agente/607;16;2;18;
1677146897.200;23/02/2023;07:08:17;IN;Agente;4215;Agente/611;26;3;29;
1677146903.203;23/02/2023;07:08:24;IN;Agente;0909;Agente/613;23;3;26;
1677147005.206;23/02/2023;07:10:05;IN;Agente;0204;Agente/608;8;4;12;
1677147008.207;23/02/2023;07:10:08;IN;Agente;0018;Agente/609;16;5;21;
1677147045.210;23/02/2023;07:10:45;IN;Agente;0909;Agente/612;13;2;15;
1677147076.212;23/02/2023;07:11:17;IN;Agente;1805;Agente/607;13;4;17;
1677147104.214;23/02/2023;07:11:44;IN;Agente;2208;Agente/611;18;3;21;
1677147175.216;23/02/2023;07:12:55;IN;Agente;2010;Agente/613;66;3;69;
1677147184.218;23/02/2023;07:13:04;IN;Agente;1014;Agente/608;15;3;18;
1677147201.220;23/02/2023;07:13:21;IN;Agente;3819;Agente/612;14;3;17;
1677147224.222;23/02/2023;07:13:44;IN;Agente;4215;Agente/607;10;2;12;
1677147254.224;23/02/2023;07:14:14;IN;Agente;1805;Agente/609;16;3;19;
1677147280.226;23/02/2023;07:14:40;IN;Agente;1005;Agente/608;11;16;27;
1677147290.228;23/02/2023;07:14:51;IN;Agente;1410;Agente/611;40;1;41;
1677147295.229;23/02/2023;07:14:55;IN;Agente;4011;Agente/612;9;3;12;
1677147330.233;23/02/2023;07:15:30;IN;Agente;0016;Agente/607;12;3;15;
1677147331.234;23/02/2023;07:15:31;IN;Agente;2807;Agente/613;12;3;15;
1677147395.237;23/02/2023;07:16:35;IN;Agente;2118;Agente/609;19;3;22;
1677147445.239;23/02/2023;07:17:26;IN;Agente;0214;Agente/608;34;3;37;
1677147451.240;23/02/2023;07:17:31;IN;QUE;3518;VILLE-900;0;1;1;
1677147506.243;23/02/2023;07:18:26;IN;Agente;0017;Agente/612;25;3;28;
1677147512.244;23/02/2023;07:18:32;IN;Agente;2103;Agente/611;17;3;20;
1677147518.246;23/02/2023;07:18:38;IN;Agente;3821;Agente/607;16;3;19;
1677147591.249;23/02/2023;07:19:51;IN;Agente;4406;Agente/613;15;21;36;
1677147592.250;23/02/2023;07:19:52;IN;Agente;0919;Agente/609;20;4;24;
1677147613.254;23/02/2023;07:20:13;IN;Agente;4002;Agente/608;7;2;9;
1677147656.257;23/02/2023;07:20:56;IN;Agente;2310;Agente/611;12;3;15;
1677147661.258;23/02/2023;07:21:01;IN;Agente;3515;Agente/612;11;3;14;
1677147694.261;23/02/2023;07:21:34;IN;Agente;2302;Agente/607;6;3;9;
1677147765.263;23/02/2023;07:22:45;IN;Agente;4121;Agente/613;24;4;28;
1677147829.265;23/02/2023;07:23:49;IN;Agente;4408;Agente/611;12;5;17;
1677147846.267;23/02/2023;07:24:06;IN;Agente;1103;Agente/612;13;4;17;
1677147862.269;23/02/2023;07:24:22;IN;Agente;0207;Agente/607;12;2;14;
1677147869.271;23/02/2023;07:24:30;IN;Agente;1415;Agente/613;14;3;17;
1677147928.273;23/02/2023;07:25:28;IN;Agente;1902;Agente/611;23;3;26;
1677147932.274;23/02/2023;07:25:32;IN;Agente;2707;Agente/612;21;3;24;
1677147980.277;23/02/2023;07:26:20;IN;Agente;2317;Agente/607;13;3;16;
1677147992.279;23/02/2023;07:26:32;IN;Agente;4118;Agente/613;21;2;23;
1677148119.281;23/02/2023;07:28:39;IN;Agente;1805;Agente/611;21;3;24;
1677148158.283;23/02/2023;07:29:18;IN;Agente;2410;Agente/612;11;2;13;
1677148165.285;23/02/2023;07:29:25;IN;Agente;1805;Agente/607;20;18;38;
1677148192.288;23/02/2023;07:29:52;IN;URA;2310;VILLE-FR_ONLINE;0;2;2;
1677148227.289;23/02/2023;07:30:27;IN;Agente;1410;Agente/613;37;2;39;
1677148255.291;23/02/2023;07:30:55;IN;Agente;4217;Agente/611;24;2;26;
1677148277.293;23/02/2023;07:31:17;IN;Agente;2117;Agente/612;20;3;23;
1677148437.295;23/02/2023;07:33:57;IN;Agente;1204;Agente/607;15;15;30;
1677148488.298;23/02/2023;07:34:48;IN;Agente;0003;Agente/613;17;2;19;
1677148494.299;23/02/2023;07:34:54;IN;Agente;2401;Agente/611;11;4;15;
1677148501.302;23/02/2023;07:35:01;IN;Agente;0921;Agente/612;13;2;15;
1677148557.304;23/02/2023;07:35:58;IN;Agente;3709;Agente/607;38;15;53;
1677148618.307;23/02/2023;07:36:58;IN;Agente;0214;Agente/611;11;4;15;
1677148649.309;23/02/2023;07:37:29;IN;Agente;0214;Agente/608;9;2;11;
1677148712.311;23/02/2023;07:38:32;IN;Agente;2414;Agente/609;15;4;19;
1677148734.313;23/02/2023;07:38:54;IN;Agente;4121;Agente/612;9;4;13;
1677148739.314;23/02/2023;07:38:59;IN;Agente;3513;Agente/607;13;4;17;
1677148756.317;23/02/2023;07:39:16;IN;Agente;2302;Agente/611;9;3;12;
1677148758.318;23/02/2023;07:39:18;IN;Agente;3605;Agente/608;11;2;13;
1677148803.321;23/02/2023;07:40:03;IN;Agente;2702;Agente/609;20;2;22;
1677148807.322;23/02/2023;07:40:07;IN;Agente;3420;Agente/612;8;3;11;
1677148854.325;23/02/2023;07:40:54;IN;Agente;4118;Agente/607;16;4;20;
1677148916.327;23/02/2023;07:41:56;IN;Agente;1214;Agente/611;12;4;16;
1677148918.328;23/02/2023;07:41:59;IN;Agente;3609;Agente/608;10;2;12;
1677148928.331;23/02/2023;07:42:09;IN;Agente;3702;Agente/612;27;4;31;
1677148943.333;23/02/2023;07:42:24;IN;Agente;3605;Agente/609;15;3;18;
1677148947.334;23/02/2023;07:42:27;IN;Agente;3613;Agente/607;7;3;10;
1677148987.337;23/02/2023;07:43:07;IN;Agente;3917;Agente/608;9;2;11;
1677149013.339;23/02/2023;07:43:33;IN;Agente;2006;Agente/611;18;4;22;
1677149018.340;23/02/2023;07:43:38;IN;Agente;3707;Agente/607;8;3;11;
1677149018.341;23/02/2023;07:43:39;IN;Agente;4211;Agente/612;9;2;11;
1677149020.343;23/02/2023;07:43:40;IN;Agente;0905;Agente/609;13;2;15;
1677149045.347;23/02/2023;07:44:05;IN;QUE;1003;VILLE-900;0;1;1;
1677149066.349;23/02/2023;07:44:27;IN;Agente;2613;Agente/608;14;2;16;
1677149072.350;23/02/2023;07:44:32;IN;Agente;0422;Agente/607;9;15;24;
1677149114.354;23/02/2023;07:45:14;IN;Agente;3611;Agente/612;16;3;19;
1677149116.355;23/02/2023;07:45:16;IN;Agente;0214;Agente/611;32;4;36;
1677149128.358;23/02/2023;07:45:28;IN;Agente;0207;Agente/609;14;3;17;
1677149157.360;23/02/2023;07:45:57;IN;Agente;1220;Agente/608;9;3;12;
1677149165.362;23/02/2023;07:46:05;IN;Agente;0909;Agente/607;11;4;15;
1677149210.364;23/02/2023;07:46:50;IN;Agente;1116;Agente/612;24;3;27;
1677149224.366;23/02/2023;07:47:05;IN;Agente;4118;Agente/609;16;3;19;
1677149251.368;23/02/2023;07:47:31;IN;Agente;4408;Agente/611;13;3;16;
1677149298.370;23/02/2023;07:48:18;IN;Agente;3605;Agente/608;10;2;12;
1677149325.372;23/02/2023;07:48:45;IN;Agente;2602;Agente/607;10;15;25;
1677149359.375;23/02/2023;07:49:19;IN;Agente;0416;Agente/613;22;4;26;
1677149374.377;23/02/2023;07:49:34;IN;Agente;4011;Agente/612;11;4;15;
1677149460.379;23/02/2023;07:51:00;IN;Agente;3605;Agente/609;13;3;16;
1677149471.381;23/02/2023;07:51:11;IN;Agente;3709;Agente/608;14;1;15;
1677149531.383;23/02/2023;07:52:11;IN;Agente;3613;Agente/607;14;3;17;
1677149545.385;23/02/2023;07:52:26;IN;Agente;2801;Agente/613;30;3;33;
1677149564.387;23/02/2023;07:52:44;IN;Agente;3905;Agente/612;12;2;14;
1677149585.389;23/02/2023;07:53:05;IN;Agente;1113;Agente/609;258;2;260;
1677149640.391;23/02/2023;07:54:00;IN;Agente;0403;Agente/608;10;2;12;
1677149644.392;23/02/2023;07:54:05;IN;Agente;1116;Agente/607;20;4;24;
1677149752.395;23/02/2023;07:55:52;IN;Agente;2310;Agente/612;35;2;37;
1677149778.397;23/02/2023;07:56:18;IN;Agente;0218;Agente/613;26;4;30;
1677149786.399;23/02/2023;07:56:26;IN;Agente;0216;Agente/608;10;3;13;
1677149845.402;23/02/2023;07:57:25;IN;Agente;0208;Agente/605;8;5;13;
1677149867.404;23/02/2023;07:57:48;IN;Agente;0208;Agente/611;25;3;28;
1677149895.406;23/02/2023;07:58:15;IN;Agente;4410;Agente/607;7;4;11;
1677149901.407;23/02/2023;07:58:22;IN;Agente;1803;Agente/612;12;2;14;
1677149916.410;23/02/2023;07:58:37;IN;Agente;1108;Agente/608;10;2;12;
1677149937.412;23/02/2023;07:58:57;IN;Agente;3808;Agente/613;15;3;18;
1677149940.413;23/02/2023;07:59:00;IN;Agente;2902;Agente/609;21;5;26;
1677150026.416;23/02/2023;08:00:26;IN;Agente;3515;Agente/605;13;2;15;
1677150044.418;23/02/2023;08:00:44;IN;Agente;1220;Agente/611;15;2;17;
1677150101.420;23/02/2023;08:01:42;IN;Agente;1204;Agente/607;14;4;18;
1677150104.421;23/02/2023;08:01:44;IN;Agente;2117;Agente/612;14;2;16;
1677150130.424;23/02/2023;08:02:10;IN;Agente;1808;Agente/608;10;2;12;
1677150155.426;23/02/2023;08:02:36;IN;Agente;2005;Agente/613;22;3;25;
1677150157.427;23/02/2023;08:02:38;IN;Agente;2009;Agente/609;22;4;26;
1677150166.430;23/02/2023;08:02:46;IN;Agente;1105;Agente/605;27;3;30;
1677150176.432;23/02/2023;08:02:56;IN;Agente;0403;Agente/611;19;3;22;
1677150255.435;23/02/2023;08:04:15;IN;Agente;0208;Agente/607;13;17;30;
1677150262.436;23/02/2023;08:04:22;IN;Agente;0218;Agente/610;37;3;40;
1677150283.440;23/02/2023;08:04:44;IN;Agente;4118;Agente/612;12;2;14;
1677150297.442;23/02/2023;08:04:58;IN;Agente;1417;Agente/608;11;3;14;
1677150319.444;23/02/2023;08:05:19;IN;Agente;3611;Agente/613;19;2;21;
1677150328.446;23/02/2023;08:05:28;IN;Agente;3609;Agente/609;14;4;18;
1677150335.448;23/02/2023;08:05:35;IN;Agente;3515;Agente/605;22;3;25;
1677150354.450;23/02/2023;08:05:54;IN;Agente;3605;Agente/611;149;2;151;
1677150355.451;23/02/2023;08:05:55;IN;Agente;2103;Agente/607;10;3;13;
1677150362.454;23/02/2023;08:06:02;IN;Agente;1110;Agente/612;13;2;15;
1677150375.456;23/02/2023;08:06:15;IN;Agente;3917;Agente/610;39;4;43;
1677150379.457;23/02/2023;08:06:20;IN;Agente;4416;Agente/608;44;2;46;
1677150418.460;23/02/2023;08:06:58;IN;Agente;0018;Agente/613;27;3;30;
1677150428.462;23/02/2023;08:07:08;IN;Agente;1818;Agente/609;17;2;19;
1677150430.463;23/02/2023;08:07:10;IN;Agente;1419;Agente/605;61;3;64;
1677150445.466;23/02/2023;08:07:25;IN;Agente;2103;Agente/607;12;2;14;
1677150449.467;23/02/2023;08:07:30;IN;Agente;0408;Agente/612;12;3;15;
1677150467.470;23/02/2023;08:07:48;IN;Agente;1012;Agente/610;22;3;25;
1677150471.471;23/02/2023;08:07:51;IN;Agente;3506;Agente/613;18;3;21;
1677150535.474;23/02/2023;08:08:55;IN;URA;2009;VILLE-FR_ONLINE;0;4;4;
1677150536.475;23/02/2023;08:08:56;IN;Agente;3819;Agente/609;16;3;19;
1677150674.477;23/02/2023;08:11:15;IN;Agente;2009;Agente/607;11;2;13;
1677150682.479;23/02/2023;08:11:22;IN;Agente;4416;Agente/612;12;3;15;
1677150769.481;23/02/2023;08:12:50;IN;Agente;3515;Agente/610;15;4;19;
1677150820.483;23/02/2023;08:13:40;IN;Agente;1908;Agente/613;29;2;31;
1677150874.485;23/02/2023;08:14:35;IN;Agente;3819;Agente/605;62;3;65;
1677150884.487;23/02/2023;08:14:44;IN;Agente;3709;Agente/611;39;3;42;
1677150890.488;23/02/2023;08:14:50;IN;Agente;1502;Agente/609;18;4;22;
1677150891.490;23/02/2023;08:14:51;IN;Agente;3407;Agente/610;18;16;34;
1677150896.492;23/02/2023;08:14:57;IN;Agente;0905;Agente/607;13;2;15;
1677150898.494;23/02/2023;08:14:58;IN;Agente;2613;Agente/612;10;3;13;
1677150907.497;23/02/2023;08:15:07;IN;Agente;4410;Agente/613;29;2;31;
1677150924.500;23/02/2023;08:15:24;IN;Agente;2103;Agente/612;18;3;21;
1677150959.502;23/02/2023;08:16:00;IN;Agente;1502;Agente/609;20;2;22;
1677150973.504;23/02/2023;08:16:13;IN;Agente;4217;Agente/608;22;3;25;
1677151004.506;23/02/2023;08:16:44;IN;Agente;0212;Agente/610;32;4;36;
1677151024.508;23/02/2023;08:17:04;IN;URA;1502;VILLE-FR_ONLINE;0;6;6;
1677151026.509;23/02/2023;08:17:07;IN;Agente;9802;Agente/611;34;2;36;
1677151050.511;23/02/2023;08:17:30;IN;Agente;1502;Agente/613;17;2;19;
1677151066.513;23/02/2023;08:17:47;IN;Agente;1514;Agente/605;15;3;18;
1677151083.515;23/02/2023;08:18:03;IN;Agente;0915;Agente/612;13;2;15;
1677151104.517;23/02/2023;08:18:24;IN;Agente;2010;Agente/607;9;4;13;
1677151131.519;23/02/2023;08:18:52;IN;Agente;4213;Agente/609;25;2;27;
1677151179.521;23/02/2023;08:19:39;IN;Agente;2705;Agente/608;9;3;12;
1677151211.523;23/02/2023;08:20:11;IN;Agente;1208;Agente/610;58;4;62;
1677151213.524;23/02/2023;08:20:13;IN;Agente;0204;Agente/611;36;3;39;
1677151241.527;23/02/2023;08:20:41;IN;Agente;2705;Agente/613;31;3;34;
1677151257.529;23/02/2023;08:20:57;IN;Agente;3407;Agente/605;10;3;13;
1677151278.531;23/02/2023;08:21:18;IN;Agente;1103;Agente/612;72;2;74;
1677151317.533;23/02/2023;08:21:58;IN;Agente;2103;Agente/607;12;4;16;
1677151353.535;23/02/2023;08:22:34;IN;Agente;2705;Agente/609;16;3;19;
1677151356.536;23/02/2023;08:22:36;IN;Agente;3407;Agente/608;11;3;14;
1677151368.539;23/02/2023;08:22:48;IN;Agente;0901;Agente/611;31;3;34;
1677151381.541;23/02/2023;08:23:01;IN;Agente;0006;Agente/605;15;3;18;
1677151431.543;23/02/2023;08:23:51;IN;Agente;2317;Agente/610;12;4;16;
1677151450.545;23/02/2023;08:24:10;IN;Agente;3819;Agente/613;19;3;22;
1677151455.546;23/02/2023;08:24:16;IN;URA;4118;VILLE-FR_ONLINE;0;6;6;
1677151468.548;23/02/2023;08:24:28;IN;Agente;2801;Agente/607;15;5;20;
1677151472.549;23/02/2023;08:24:32;IN;Agente;1113;Agente/612;40;4;44;
1677151506.552;23/02/2023;08:25:06;IN;Agente;4211;Agente/608;10;3;13;
1677151506.553;23/02/2023;08:25:06;IN;Agente;2302;Agente/609;13;3;16;
1677151551.556;23/02/2023;08:25:52;IN;Agente;3707;Agente/605;8;3;11;
1677151563.558;23/02/2023;08:26:03;IN;Agente;1908;Agente/611;17;3;20;
1677151573.560;23/02/2023;08:26:13;IN;Agente;2107;Agente/610;26;4;30;
1677151597.562;23/02/2023;08:26:37;IN;Agente;2009;Agente/613;21;2;23;
1677151626.564;23/02/2023;08:27:06;IN;Agente;1003;Agente/607;14;4;18;
1677151647.566;23/02/2023;08:27:27;IN;Agente;0208;Agente/612;16;3;19;
1677151710.568;23/02/2023;08:28:30;IN;Agente;2010;Agente/608;10;3;13;
1677151741.570;23/02/2023;08:29:02;IN;Agente;3709;Agente/609;26;3;29;
1677151751.572;23/02/2023;08:29:11;IN;Agente;1224;Agente/605;39;5;44;
1677151781.574;23/02/2023;08:29:41;IN;Agente;0209;Agente/610;11;4;15;
1677151788.576;23/02/2023;08:29:49;IN;Agente;0004;Agente/613;15;2;17;
1677151811.578;23/02/2023;08:30:11;IN;Agente;0204;Agente/607;12;2;14;
1677151815.579;23/02/2023;08:30:15;IN;Agente;0417;Agente/612;13;4;17;
1677151838.582;23/02/2023;08:30:39;IN;URA;1108;VILLE-FR_ONLINE;0;1;1;
1677151848.583;23/02/2023;08:30:48;IN;Agente;1902;Agente/608;10;1;11;
1677151905.585;23/02/2023;08:31:46;IN;Agente;4217;Agente/609;14;3;17;
1677151923.587;23/02/2023;08:32:03;IN;Agente;0208;Agente/605;27;2;29;
1677151945.589;23/02/2023;08:32:25;IN;Agente;0921;Agente/610;18;3;21;
1677151946.590;23/02/2023;08:32:26;IN;Agente;2203;Agente/613;15;3;18;
1677151957.593;23/02/2023;08:32:37;IN;Agente;1224;Agente/607;20;3;23;
1677151962.594;23/02/2023;08:32:42;IN;Agente;2613;Agente/608;7;3;10;
1677151992.597;23/02/2023;08:33:12;IN;Agente;2203;Agente/611;18;5;23;
1677152037.599;23/02/2023;08:33:57;IN;Agente;0209;Agente/609;31;3;34;
1677152087.601;23/02/2023;08:34:47;IN;Agente;3513;Agente/605;15;3;18;
1677152148.603;23/02/2023;08:35:48;IN;Agente;3808;Agente/613;15;2;17;
1677152185.605;23/02/2023;08:36:25;IN;Agente;2115;Agente/610;134;4;138;
1677152201.607;23/02/2023;08:36:41;IN;Agente;4211;Agente/608;7;2;9;
1677152249.609;23/02/2023;08:37:29;IN;Agente;1818;Agente/607;15;3;18;
1677152297.611;23/02/2023;08:38:17;IN;Agente;2410;Agente/612;11;3;14;
1677152332.613;23/02/2023;08:38:52;IN;Agente;3808;Agente/611;35;2;37;
1677152386.615;23/02/2023;08:39:46;IN;Agente;2317;Agente/609;15;4;19;
1677152399.617;23/02/2023;08:39:59;IN;Agente;0913;Agente/605;15;2;17;
1677152416.619;23/02/2023;08:40:16;IN;Agente;3910;Agente/613;24;4;28;
1677152417.620;23/02/2023;08:40:17;IN;Agente;4105;Agente/608;7;4;11;
1677152444.623;23/02/2023;08:40:44;IN;Agente;0009;Agente/607;13;16;29;
1677152482.626;23/02/2023;08:41:23;IN;Agente;0209;Agente/612;30;3;33;
1677152491.628;23/02/2023;08:41:31;IN;Agente;1206;Agente/610;16;4;20;
1677152493.629;23/02/2023;08:41:33;IN;Agente;2801;Agente/611;49;2;51;
1677152499.631;23/02/2023;08:41:40;IN;Agente;2707;Agente/609;33;3;36;
1677152507.634;23/02/2023;08:41:47;IN;Agente;2604;Agente/605;13;4;17;
1677152510.635;23/02/2023;08:41:50;IN;Agente;4121;Agente/608;7;3;10;
1677152539.638;23/02/2023;08:42:19;IN;Agente;0417;Agente/613;30;2;32;
1677152603.640;23/02/2023;08:43:23;IN;Agente;2613;Agente/607;8;3;11;
1677152611.642;23/02/2023;08:43:31;IN;Agente;1215;Agente/610;21;5;26;
1677152624.644;23/02/2023;08:43:44;IN;Agente;2613;Agente/612;28;3;31;
1677152624.645;23/02/2023;08:43:45;IN;Agente;0905;Agente/608;22;4;26;
1677152629.646;23/02/2023;08:43:49;IN;Agente;1404;Agente/605;117;4;121;
1677152630.648;23/02/2023;08:43:50;INTERNO;SIP;9957;2613;4;0;4;
1677152659.652;23/02/2023;08:44:20;IN;Agente;4105;Agente/609;12;3;15;
1677152666.654;23/02/2023;08:44:26;IN;Agente;0921;Agente/611;30;3;33;
1677152729.656;23/02/2023;08:45:30;IN;Agente;3407;Agente/613;16;3;19;
1677152752.658;23/02/2023;08:45:52;IN;Agente;3414;Agente/607;13;14;27;
1677152772.661;23/02/2023;08:46:12;IN;Agente;3910;Agente/610;20;3;23;
1677152797.663;23/02/2023;08:46:37;IN;Agente;4408;Agente/608;7;3;10;
1677152825.665;23/02/2023;08:47:05;IN;Agente;0913;Agente/612;14;4;18;
1677152837.667;23/02/2023;08:47:17;IN;Agente;1215;Agente/609;20;5;25;
1677152848.669;23/02/2023;08:47:28;IN;Agente;4201;Agente/611;17;5;22;
1677152863.671;23/02/2023;08:47:43;IN;Agente;4121;Agente/613;30;2;32;
1677152907.673;23/02/2023;08:48:28;IN;Agente;3609;Agente/605;66;3;69;
1677152909.674;23/02/2023;08:48:30;IN;Agente;2604;Agente/607;12;5;17;
1677152912.675;23/02/2023;08:48:33;IN;Agente;1224;Agente/610;32;3;35;
1677152946.679;23/02/2023;08:49:06;IN;Agente;4213;Agente/608;7;2;9;
1677152960.681;23/02/2023;08:49:20;IN;Agente;4105;Agente/612;13;3;16;
1677152973.683;23/02/2023;08:49:33;IN;Agente;3410;Agente/609;21;4;25;
1677152973.684;23/02/2023;08:49:33;IN;Agente;4215;Agente/611;15;3;18;
1677152977.685;23/02/2023;08:49:37;IN;Agente;2302;Agente/613;14;4;18;
1677152980.688;23/02/2023;08:49:40;IN;Agente;3503;Agente/607;31;3;34;
1677152986.690;23/02/2023;08:49:47;IN;Agente;2310;Agente/610;13;4;17;
1677152993.693;23/02/2023;08:49:54;IN;Agente;1817;Agente/608;11;4;15;
1677153032.695;23/02/2023;08:50:32;IN;Agente;0214;Agente/605;11;2;13;
1677153040.697;23/02/2023;08:50:40;IN;Agente;3609;Agente/612;36;2;38;
1677153060.699;23/02/2023;08:51:00;IN;Agente;3611;Agente/611;22;3;25;
1677153072.701;23/02/2023;08:51:13;IN;Agente;4115;Agente/613;14;3;17;
1677153079.702;23/02/2023;08:51:19;IN;Agente;4015;Agente/609;24;4;28;
1677153086.705;23/02/2023;08:51:26;IN;Agente;1208;Agente/610;37;4;41;
1677153088.706;23/02/2023;08:51:28;IN;Agente;3917;Agente/608;19;2;21;
1677153118.709;23/02/2023;08:51:58;IN;Agente;2317;Agente/607;10;4;14;
1677153124.711;23/02/2023;08:52:04;IN;Agente;1812;Agente/605;9;4;13;
1677153149.713;23/02/2023;08:52:29;IN;Agente;2316;Agente/612;13;3;16;
1677153152.714;23/02/2023;08:52:32;IN;Agente;2103;Agente/611;11;3;14;
1677153156.716;23/02/2023;08:52:37;IN;Agente;0014;Agente/613;42;3;45;
1677153158.717;23/02/2023;08:52:38;IN;Agente;1103;Agente/609;14;5;19;
1677153162.719;23/02/2023;08:52:42;IN;Agente;0218;Agente/608;12;2;14;
1677153210.723;23/02/2023;08:53:30;IN;Agente;2203;Agente/610;17;4;21;
1677153213.724;23/02/2023;08:53:33;IN;Agente;2711;Agente/607;29;4;33;
1677153229.727;23/02/2023;08:53:49;IN;Agente;3102;Agente/605;21;3;24;
1677153239.729;23/02/2023;08:53:59;IN;Agente;1215;Agente/612;14;3;17;
1677153287.731;23/02/2023;08:54:47;IN;Agente;2302;Agente/611;12;2;14;
1677153294.733;23/02/2023;08:54:55;IN;Agente;2109;Agente/608;8;4;12;
1677153295.734;23/02/2023;08:54:55;IN;Agente;4118;Agente/609;17;4;21;
1677153354.737;23/02/2023;08:55:54;IN;Agente;4215;Agente/613;13;3;16;
1677153362.739;23/02/2023;08:56:02;IN;Agente;4211;Agente/610;16;4;20;
1677153370.741;23/02/2023;08:56:10;IN;Agente;1502;Agente/607;9;4;13;
1677153391.743;23/02/2023;08:56:31;IN;Agente;2707;Agente/605;14;4;18;
1677153395.744;23/02/2023;08:56:36;IN;Agente;3102;Agente/612;71;2;73;
1677153429.747;23/02/2023;08:57:09;IN;Agente;3606;Agente/611;35;2;37;
1677153460.749;23/02/2023;08:57:40;IN;Agente;3519;Agente/608;7;3;10;
1677153508.751;23/02/2023;08:58:29;IN;Agente;0414;Agente/609;19;3;22;
1677153544.753;23/02/2023;08:59:04;IN;Agente;4211;Agente/613;63;4;67;
1677153545.754;23/02/2023;08:59:05;IN;Agente;2707;Agente/610;22;4;26;
1677153558.757;23/02/2023;08:59:18;IN;Agente;1010;Agente/607;19;3;22;
1677153608.759;23/02/2023;09:00:08;IN;Agente;1817;Agente/605;15;4;19;
1677153644.761;23/02/2023;09:00:44;IN;Agente;4404;Agente/611;20;2;22;
1677153649.762;23/02/2023;09:00:49;IN;Agente;4405;Agente/612;14;3;17;
1677153652.764;23/02/2023;09:00:52;IN;Agente;4409;Agente/608;13;3;16;
1677153683.767;23/02/2023;09:01:23;IN;Agente;2202;Agente/609;26;3;29;
1677153717.769;23/02/2023;09:01:57;IN;Agente;3519;Agente/610;24;4;28;
1677153724.771;23/02/2023;09:02:04;IN;QUE;0217;VILLE-900;0;12;12;
1677153755.773;23/02/2023;09:02:35;IN;Agente;0217;Agente/607;20;3;23;
1677153770.775;23/02/2023;09:02:50;IN;Agente;4410;Agente/613;14;2;16;
1677153773.776;23/02/2023;09:02:53;IN;Agente;2118;Agente/605;19;3;22;
1677153774.777;23/02/2023;09:02:55;IN;Agente;4105;Agente/612;9;3;12;
1677153793.782;23/02/2023;09:03:14;IN;Agente;4212;Agente/611;37;3;40;
1677153824.784;23/02/2023;09:03:44;IN;Agente;4002;Agente/608;8;2;10;
1677153826.785;23/02/2023;09:03:46;IN;Agente;4415;Agente/609;17;3;20;
1677153827.786;23/02/2023;09:03:48;IN;URA;1116;VILLE-FR_ONLINE;0;1;1;
1677153848.789;23/02/2023;09:04:08;IN;Agente;0205;Agente/610;20;3;23;
1677153853.790;23/02/2023;09:04:13;IN;Agente;3905;Agente/607;12;3;15;
1677153860.792;23/02/2023;09:04:20;IN;Agente;4105;Agente/612;23;3;26;
1677153883.795;23/02/2023;09:04:43;IN;Agente;2118;Agente/613;25;4;29;
1677153888.796;23/02/2023;09:04:48;IN;Agente;4403;Agente/605;17;3;20;
1677153893.798;23/02/2023;09:04:54;IN;Agente;2107;Agente/611;18;3;21;
1677153905.801;23/02/2023;09:05:05;IN;Agente;3603;Agente/608;7;2;9;
1677153928.803;23/02/2023;09:05:28;IN;Agente;4108;Agente/609;26;4;30;
1677153940.805;23/02/2023;09:05:40;IN;Agente;4114;Agente/607;12;15;27;
1677153943.806;23/02/2023;09:05:44;IN;Agente;4003;Agente/610;19;4;23;
1677153966.810;23/02/2023;09:06:06;IN;Agente;2807;Agente/612;11;2;13;
1677153973.812;23/02/2023;09:06:13;IN;Agente;4217;Agente/605;11;4;15;
1677153979.813;23/02/2023;09:06:19;IN;Agente;1204;Agente/613;14;3;17;
1677153983.815;23/02/2023;09:06:23;IN;Agente;2704;Agente/611;22;4;26;
1677153987.817;23/02/2023;09:06:27;IN;Agente;2005;Agente/608;6;2;8;
1677153990.819;23/02/2023;09:06:30;IN;Agente;2606;Agente/609;41;3;44;
1677154014.822;23/02/2023;09:06:54;IN;Agente;2205;Agente/610;34;4;38;
1677154079.824;23/02/2023;09:07:59;IN;Agente;4111;Agente/607;16;4;20;
1677154084.825;23/02/2023;09:08:05;IN;Agente;2606;Agente/612;9;2;11;
1677154098.828;23/02/2023;09:08:19;IN;Agente;2302;Agente/605;12;3;15;
1677154102.829;23/02/2023;09:08:22;IN;Agente;2205;Agente/608;10;2;12;
1677154130.832;23/02/2023;09:08:50;IN;Agente;3611;Agente/613;18;4;22;
1677154133.833;23/02/2023;09:08:53;IN;Agente;3518;Agente/611;89;4;93;
1677154135.834;23/02/2023;09:08:55;IN;Agente;2604;Agente/609;15;3;18;
1677154155.838;23/02/2023;09:09:15;IN;Agente;2015;Agente/610;28;4;32;
1677154181.840;23/02/2023;09:09:41;IN;Agente;4406;Agente/612;11;2;13;
1677154196.842;23/02/2023;09:09:56;IN;Agente;2708;Agente/607;14;15;29;
1677154209.844;23/02/2023;09:10:09;IN;Agente;1412;Agente/605;16;3;19;
1677154209.845;23/02/2023;09:10:10;IN;Agente;4118;Agente/608;7;3;10;
1677154214.846;23/02/2023;09:10:14;IN;Agente;1506;Agente/613;56;1;57;
1677154247.851;23/02/2023;09:10:47;IN;Agente;3605;Agente/610;16;4;20;
1677154261.853;23/02/2023;09:11:01;IN;Agente;3909;Agente/612;8;4;12;
1677154262.854;23/02/2023;09:11:02;IN;Agente;4011;Agente/608;8;2;10;
1677154320.857;23/02/2023;09:12:00;IN;Agente;2410;Agente/607;9;4;13;
1677154334.859;23/02/2023;09:12:14;IN;Agente;2009;Agente/611;24;3;27;
1677154353.861;23/02/2023;09:12:33;IN;QUE;3605;VILLE-900;0;0;0;
1677154396.863;23/02/2023;09:13:16;IN;Agente;4023;Agente/605;12;4;16;
1677154406.865;23/02/2023;09:13:27;IN;Agente;2704;Agente/610;14;4;18;
1677154461.867;23/02/2023;09:14:21;IN;Agente;4114;Agente/613;14;2;16;
1677154479.869;23/02/2023;09:14:39;IN;Agente;3417;Agente/608;11;2;13;
1677154481.870;23/02/2023;09:14:41;IN;Agente;0014;Agente/612;27;3;30;
1677154489.873;23/02/2023;09:14:49;IN;Agente;3605;Agente/607;11;4;15;
1677154510.875;23/02/2023;09:15:10;IN;Agente;4118;Agente/611;33;4;37;
1677154527.877;23/02/2023;09:15:27;IN;Agente;4217;Agente/605;13;4;17;
1677154550.879;23/02/2023;09:15:50;IN;Agente;2604;Agente/610;20;4;24;
1677154589.881;23/02/2023;09:16:29;IN;Agente;4405;Agente/609;11;3;14;
1677154614.883;23/02/2023;09:16:54;IN;Agente;3913;Agente/613;17;3;20;
1677154646.885;23/02/2023;09:17:26;IN;Agente;2016;Agente/607;10;17;27;
1677154655.887;23/02/2023;09:17:35;IN;Agente;3811;Agente/608;11;3;14;
1677154660.888;23/02/2023;09:17:40;IN;Agente;0019;Agente/612;37;3;40;
1677154670.892;23/02/2023;09:17:50;IN;Agente;0014;Agente/605;16;4;20;
1677154682.894;23/02/2023;09:18:02;IN;Agente;3507;Agente/611;53;3;56;
1677154697.896;23/02/2023;09:18:17;IN;Agente;0913;Agente/610;100;4;104;
1677154703.897;23/02/2023;09:18:23;IN;Agente;1514;Agente/609;11;2;13;
1677154712.900;23/02/2023;09:18:33;IN;Agente;4115;Agente/613;23;3;26;
1677154717.901;23/02/2023;09:18:37;IN;Agente;2602;Agente/608;6;4;10;
1677154743.904;23/02/2023;09:19:03;IN;Agente;0218;Agente/607;9;4;13;
1677154750.906;23/02/2023;09:19:11;IN;Agente;3811;Agente/605;8;3;11;
1677154806.908;23/02/2023;09:20:07;IN;Agente;2601;Agente/612;14;2;16;
1677154816.910;23/02/2023;09:20:17;IN;Agente;1514;Agente/609;16;3;19;
1677154835.912;23/02/2023;09:20:35;IN;Agente;2804;Agente/608;10;2;12;
1677154840.913;23/02/2023;09:20:40;IN;Agente;2015;Agente/611;24;3;27;
1677154850.916;23/02/2023;09:20:50;IN;Agente;4115;Agente/613;33;3;36;
1677154867.918;23/02/2023;09:21:07;IN;Agente;3609;Agente/607;25;17;42;
1677154880.920;23/02/2023;09:21:21;IN;Agente;4011;Agente/605;10;4;14;
1677154940.923;23/02/2023;09:22:20;IN;Agente;2006;Agente/610;32;4;36;
1677154982.925;23/02/2023;09:23:02;IN;Agente;4002;Agente/612;37;2;39;
1677154986.926;23/02/2023;09:23:06;IN;Agente;0218;Agente/609;17;2;19;
1677154986.927;23/02/2023;09:23:06;IN;Agente;0424;Agente/608;10;2;12;
1677155007.931;23/02/2023;09:23:27;IN;Agente;1220;Agente/611;17;3;20;
1677155023.933;23/02/2023;09:23:43;IN;Agente;0423;Agente/613;14;3;17;
1677155037.935;23/02/2023;09:23:58;IN;Agente;2711;Agente/605;15;3;18;
1677155057.937;23/02/2023;09:24:17;IN;Agente;1113;Agente/607;21;3;24;
1677155058.938;23/02/2023;09:24:18;IN;Agente;0921;Agente/610;26;4;30;
1677155062.939;23/02/2023;09:24:23;IN;Agente;1911;Agente/608;7;3;10;
1677155080.943;23/02/2023;09:24:40;IN;Agente;4415;Agente/612;9;3;12;
1677155122.945;23/02/2023;09:25:22;IN;Agente;0218;Agente/611;18;3;21;
1677155136.947;23/02/2023;09:25:36;IN;Agente;2107;Agente/613;20;2;22;
1677155144.949;23/02/2023;09:25:44;IN;Agente;3808;Agente/605;12;15;27;
1677155158.951;23/02/2023;09:25:59;IN;Agente;1808;Agente/608;9;3;12;
1677155180.954;23/02/2023;09:26:21;IN;Agente;0414;Agente/607;12;3;15;
1677155212.956;23/02/2023;09:26:52;IN;Agente;2004;Agente/609;10;2;12;
1677155232.958;23/02/2023;09:27:12;IN;Agente;1812;Agente/611;46;2;48;
1677155238.959;23/02/2023;09:27:18;IN;Agente;1805;Agente/613;37;3;40;
1677155249.962;23/02/2023;09:27:29;IN;Agente;2401;Agente/605;10;4;14;
1677155288.964;23/02/2023;09:28:08;IN;Agente;2213;Agente/608;11;3;14;
1677155348.966;23/02/2023;09:29:09;IN;Agente;2302;Agente/607;17;4;21;
1677155351.967;23/02/2023;09:29:11;IN;Agente;4105;Agente/609;19;14;33;
1677155367.970;23/02/2023;09:29:27;IN;Agente;1019;Agente/605;19;3;22;
1677155386.973;23/02/2023;09:29:46;IN;Agente;0901;Agente/611;34;16;50;
1677155395.975;23/02/2023;09:29:55;IN;Agente;2607;Agente/613;18;36;54;
1677155408.978;23/02/2023;09:30:09;IN;Agente;3603;Agente/608;10;3;13;
1677155438.983;23/02/2023;09:30:38;IN;Agente;2801;Agente/607;13;15;28;
1677155475.986;23/02/2023;09:31:15;IN;Agente;3515;Agente/605;11;5;16;
1677155478.987;23/02/2023;09:31:18;IN;Agente;4415;Agente/613;12;17;29;
1677155485.990;23/02/2023;09:31:25;IN;Agente;1817;Agente/608;8;1;9;
1677155507.993;23/02/2023;09:31:47;IN;Agente;0208;Agente/607;9;4;13;
1677155526.995;23/02/2023;09:32:06;IN;Agente;1911;Agente/611;25;4;29;
1677155535.997;23/02/2023;09:32:15;IN;Agente;4114;Agente/605;11;3;14;
1677155549.999;23/02/2023;09:32:30;IN;Agente;2203;Agente/608;9;2;11;
1677155552.1000;23/02/2023;09:32:32;IN;Agente;1902;Agente/613;26;3;29;
1677155574.1003;23/02/2023;09:32:54;IN;Agente;0917;Agente/607;11;5;16;
1677155579.1004;23/02/2023;09:33:00;IN;Agente;2004;Agente/605;29;4;33;
1677155603.1007;23/02/2023;09:33:23;IN;Agente;3514;Agente/609;14;2;16;
1677155619.1009;23/02/2023;09:33:39;IN;Agente;0017;Agente/607;16;15;31;
1677155628.1011;23/02/2023;09:33:48;IN;Agente;3913;Agente/611;31;3;34;
1677155630.1012;23/02/2023;09:33:50;IN;Agente;0910;Agente/613;16;4;20;
1677155653.1016;23/02/2023;09:34:13;IN;Agente;2009;Agente/610;30;3;33;
1677155680.1018;23/02/2023;09:34:41;IN;Agente;1817;Agente/612;48;3;51;
1677155693.1020;23/02/2023;09:34:53;IN;Agente;0218;Agente/605;33;4;37;
1677155699.1021;23/02/2023;09:34:59;IN;Agente;0905;Agente/609;69;4;73;
1677155707.1024;23/02/2023;09:35:07;IN;Agente;4415;Agente/613;9;2;11;
1677155725.1026;23/02/2023;09:35:26;IN;Agente;4019;Agente/607;23;3;26;
1677155763.1028;23/02/2023;09:36:03;IN;Agente;4415;Agente/611;41;4;45;
1677155800.1030;23/02/2023;09:36:41;IN;Agente;4003;Agente/610;17;4;21;
1677155818.1032;23/02/2023;09:36:58;IN;Agente;0911;Agente/613;14;3;17;
1677155834.1034;23/02/2023;09:37:14;IN;Agente;0017;Agente/608;27;3;30;
1677155850.1036;23/02/2023;09:37:30;IN;Agente;2401;Agente/605;11;4;15;
1677155857.1038;23/02/2023;09:37:38;IN;Agente;1508;Agente/612;11;2;13;
1677155875.1040;23/02/2023;09:37:55;IN;Agente;4220;Agente/611;29;15;44;
1677155878.1041;23/02/2023;09:37:58;IN;Agente;1417;Agente/609;20;4;24;
1677155881.1043;23/02/2023;09:38:02;IN;Agente;2009;Agente/607;23;3;26;
1677155882.1044;23/02/2023;09:38:02;IN;Agente;3804;Agente/613;53;17;70;
1677155886.1046;23/02/2023;09:38:07;IN;Agente;4405;Agente/610;19;5;24;
1677155901.1051;23/02/2023;09:38:21;IN;Agente;4409;Agente/608;10;3;13;
1677155903.1053;23/02/2023;09:38:23;IN;Agente;0208;Agente/605;31;3;34;
1677155960.1056;23/02/2023;09:39:20;IN;Agente;3606;Agente/612;13;4;17;
1677155977.1058;23/02/2023;09:39:37;IN;Agente;3804;Agente/610;33;18;51;
1677155980.1059;23/02/2023;09:39:40;IN;Agente;3905;Agente/607;40;4;44;
1677155982.1060;23/02/2023;09:39:42;IN;Agente;4215;Agente/609;19;2;21;
1677155991.1064;23/02/2023;09:39:51;IN;Agente;3507;Agente/608;13;3;16;
1677156007.1067;23/02/2023;09:40:07;IN;Agente;1110;Agente/611;20;3;23;
1677156039.1069;23/02/2023;09:40:40;IN;Agente;4118;Agente/605;15;22;37;
1677156067.1073;23/02/2023;09:41:07;IN;Agente;1019;Agente/612;28;15;43;
1677156077.1075;23/02/2023;09:41:17;IN;Agente;2015;Agente/613;16;3;19;
1677156111.1078;23/02/2023;09:41:51;IN;Agente;3909;Agente/609;13;3;16;
1677156114.1079;23/02/2023;09:41:54;IN;Agente;2107;Agente/608;15;2;17;
1677156116.1080;23/02/2023;09:41:56;IN;Agente;3802;Agente/607;8;15;23;
1677156131.1084;23/02/2023;09:42:11;IN;Agente;0009;Agente/610;35;5;40;
1677156156.1087;23/02/2023;09:42:36;IN;Agente;4015;Agente/611;43;3;46;
1677156156.1088;23/02/2023;09:42:36;IN;Agente;4115;Agente/605;77;15;92;
1677156160.1089;23/02/2023;09:42:40;IN;Agente;4215;Agente/613;13;5;18;
1677156186.1094;23/02/2023;09:43:07;IN;Agente;4215;Agente/612;13;3;16;
1677156198.1096;23/02/2023;09:43:18;IN;Agente;0909;Agente/609;15;3;18;
1677156207.1098;23/02/2023;09:43:27;IN;Agente;3605;Agente/608;8;3;11;
1677156261.1100;23/02/2023;09:44:22;IN;Agente;0014;Agente/607;11;5;16;
1677156263.1101;23/02/2023;09:44:23;IN;Agente;3715;Agente/610;28;4;32;
1677156335.1104;23/02/2023;09:45:36;IN;Agente;3702;Agente/613;16;4;20;
1677156346.1106;23/02/2023;09:45:46;IN;Agente;4215;Agente/611;31;3;34;
1677156351.1107;23/02/2023;09:45:51;IN;Agente;2807;Agente/612;12;2;14;
1677156362.1110;23/02/2023;09:46:02;IN;Agente;0207;Agente/609;12;2;14;
1677156394.1112;23/02/2023;09:46:34;IN;Agente;1014;Agente/608;17;3;20;
1677156441.1114;23/02/2023;09:47:21;IN;Agente;1110;Agente/605;24;3;27;
1677156466.1116;23/02/2023;09:47:46;IN;URA;4220;VILLE-FR_ONLINE;0;2;2;
1677156468.1117;23/02/2023;09:47:48;IN;Agente;2801;Agente/607;13;4;17;
1677156471.1118;23/02/2023;09:47:51;IN;Agente;3410;Agente/610;50;3;53;
1677156479.1121;23/02/2023;09:47:59;IN;Agente;4220;Agente/613;30;2;32;
1677156482.1122;23/02/2023;09:48:02;IN;Agente;3917;Agente/612;10;4;14;
1677156497.1125;23/02/2023;09:48:17;IN;Agente;4217;Agente/609;21;2;23;
1677156501.1126;23/02/2023;09:48:21;IN;Agente;3805;Agente/611;17;2;19;
1677156517.1129;23/02/2023;09:48:37;IN;Agente;0209;Agente/608;18;3;21;
1677156520.1130;23/02/2023;09:48:40;IN;Agente;1108;Agente/605;22;4;26;
1677156536.1133;23/02/2023;09:48:56;IN;Agente;4213;Agente/607;57;17;74;
1677156561.1136;23/02/2023;09:49:21;IN;Agente;3702;Agente/612;12;2;14;
1677156565.1137;23/02/2023;09:49:25;IN;Agente;0905;Agente/613;15;3;18;
1677156570.1139;23/02/2023;09:49:30;IN;Agente;3705;Agente/611;19;3;22;
1677156583.1142;23/02/2023;09:49:43;IN;QUE;3613;VILLE-900;0;1;1;
1677156626.1144;23/02/2023;09:50:26;IN;Agente;4416;Agente/609;11;2;13;
1677156630.1145;23/02/2023;09:50:30;IN;Agente;4114;Agente/610;18;4;22;
1677156655.1148;23/02/2023;09:50:55;IN;Agente;0014;Agente/608;9;3;12;
1677156657.1149;23/02/2023;09:50:57;IN;Agente;3913;Agente/605;10;3;13;
1677156666.1152;23/02/2023;09:51:06;IN;Agente;2205;Agente/612;27;3;30;
1677156694.1154;23/02/2023;09:51:34;IN;Agente;2109;Agente/613;19;3;22;
1677156705.1156;23/02/2023;09:51:45;IN;Agente;3808;Agente/611;18;3;21;
1677156708.1157;23/02/2023;09:51:48;IN;Agente;0417;Agente/607;14;3;17;
1677156715.1160;23/02/2023;09:51:56;IN;Agente;1012;Agente/609;27;3;30;
1677156743.1162;23/02/2023;09:52:23;IN;Agente;1113;Agente/610;29;4;33;
1677156792.1164;23/02/2023;09:53:12;IN;Agente;4213;Agente/608;18;3;21;
1677156794.1165;23/02/2023;09:53:14;IN;Agente;1514;Agente/612;19;4;23;
1677156840.1168;23/02/2023;09:54:01;IN;Agente;0211;Agente/613;23;3;26;
1677156844.1169;23/02/2023;09:54:05;IN;Agente;4403;Agente/607;12;3;15;
1677156846.1170;23/02/2023;09:54:07;IN;Agente;2006;Agente/611;11;3;14;
1677156847.1171;23/02/2023;09:54:07;IN;Agente;2010;Agente/609;25;4;29;
1677156867.1176;23/02/2023;09:54:27;IN;Agente;4011;Agente/610;30;3;33;
1677156884.1178;23/02/2023;09:54:44;IN;Agente;4217;Agente/608;31;3;34;
1677156897.1180;23/02/2023;09:54:57;IN;Agente;3910;Agente/612;32;3;35;
1677156917.1182;23/02/2023;09:55:17;IN;Agente;3514;Agente/607;11;4;15;
1677156921.1183;23/02/2023;09:55:21;IN;Agente;1410;Agente/611;18;2;20;
1677156931.1186;23/02/2023;09:55:32;IN;Agente;0915;Agente/613;43;3;46;
1677156946.1188;23/02/2023;09:55:46;IN;Agente;0204;Agente/609;20;4;24;
1677156952.1190;23/02/2023;09:55:53;IN;Agente;0406;Agente/610;54;4;58;
1677156967.1192;23/02/2023;09:56:07;IN;Agente;3609;Agente/608;15;2;17;
1677156997.1194;23/02/2023;09:56:38;IN;Agente;3605;Agente/607;8;3;11;
1677157013.1196;23/02/2023;09:56:53;IN;Agente;4213;Agente/612;9;3;12;
1677157036.1198;23/02/2023;09:57:16;IN;Agente;2115;Agente/611;14;4;18;
1677157044.1200;23/02/2023;09:57:24;IN;Agente;3410;Agente/609;26;3;29;
1677157087.1202;23/02/2023;09:58:07;IN;Agente;3703;Agente/613;23;4;27;
1677157103.1204;23/02/2023;09:58:23;IN;Agente;2606;Agente/608;15;3;18;
1677157108.1205;23/02/2023;09:58:28;IN;Agente;0423;Agente/607;7;3;10;
1677157115.1208;23/02/2023;09:58:35;IN;Agente;3717;Agente/610;21;5;26;
1677157119.1209;23/02/2023;09:58:39;IN;Agente;4002;Agente/612;13;2;15;
1677157121.1210;23/02/2023;09:58:42;IN;Agente;2410;Agente/611;14;3;17;
1677157121.1211;23/02/2023;09:58:42;IN;Agente;1115;Agente/609;22;3;25;
1677157126.1213;23/02/2023;09:58:46;IN;Agente;2109;Agente/607;29;3;32;
1677157131.1217;23/02/2023;09:58:51;IN;Agente;3811;Agente/608;29;2;31;
1677157137.1219;23/02/2023;09:58:58;IN;Agente;3703;Agente/613;30;11;41;
1677157141.1221;23/02/2023;09:59:01;IN;Agente;3403;Agente/612;21;11;32;
1677157164.1224;23/02/2023;09:59:24;IN;Agente;3407;Agente/605;8;3;11;
1677157169.1225;23/02/2023;09:59:29;IN;Agente;1506;Agente/611;37;3;40;
1677157172.1227;23/02/2023;09:59:32;IN;Agente;2208;Agente/610;21;4;25;
1677157184.1230;23/02/2023;09:59:44;IN;Agente;1808;Agente/609;30;3;33;
1677157203.1232;23/02/2023;10:00:03;IN;Agente;2702;Agente/607;12;3;15;
1677157213.1234;23/02/2023;10:00:13;IN;Agente;4217;Agente/608;11;2;13;
1677157218.1235;23/02/2023;10:00:18;IN;Agente;2004;Agente/612;8;3;11;
1677157223.1237;23/02/2023;10:00:23;IN;Agente;1904;Agente/605;20;4;24;
1677157262.1240;23/02/2023;10:01:02;IN;Agente;3815;Agente/613;19;2;21;
1677157271.1242;23/02/2023;10:01:11;IN;Agente;3611;Agente/610;46;4;50;
1677157271.1243;23/02/2023;10:01:11;IN;Agente;1113;Agente/611;32;3;35;
1677157278.1246;23/02/2023;10:01:19;IN;Agente;2607;Agente/609;37;3;40;
1677157281.1247;23/02/2023;10:01:21;IN;Agente;1504;Agente/607;28;2;30;
1677157295.1250;23/02/2023;10:01:35;IN;Agente;1502;Agente/608;9;2;11;
1677157316.1252;23/02/2023;10:01:56;IN;Agente;2208;Agente/612;10;3;13;
1677157320.1253;23/02/2023;10:02:00;IN;Agente;3821;Agente/605;32;2;34;
1677157324.1255;23/02/2023;10:02:05;IN;Agente;0004;Agente/613;33;2;35;
1677157328.1257;23/02/2023;10:02:08;IN;Agente;2012;Agente/611;18;2;20;
1677157328.1258;23/02/2023;10:02:09;IN;Agente;1902;Agente/608;20;2;22;
1677157340.1262;23/02/2023;10:02:20;IN;Agente;3605;Agente/607;16;3;19;
1677157358.1264;23/02/2023;10:02:38;IN;Agente;2208;Agente/609;20;3;23;
1677157378.1266;23/02/2023;10:02:59;IN;Agente;1004;Agente/610;26;4;30;
1677157379.1267;23/02/2023;10:02:59;IN;Agente;2414;Agente/612;12;4;16;
1677157380.1268;23/02/2023;10:03:00;IN;Agente;4118;Agente/611;29;2;31;
1677157384.1269;23/02/2023;10:03:04;IN;Agente;1808;Agente/608;21;15;36;
1677157403.1274;23/02/2023;10:03:23;IN;Agente;3412;Agente/605;24;2;26;
1677157407.1276;23/02/2023;10:03:27;IN;Agente;1911;Agente/613;15;2;17;
1677157419.1279;23/02/2023;10:03:39;IN;Agente;3515;Agente/607;10;3;13;
1677157453.1281;23/02/2023;10:04:13;IN;Agente;3913;Agente/609;11;3;14;
1677157458.1282;23/02/2023;10:04:18;IN;Agente;3412;Agente/612;7;3;10;
1677157472.1285;23/02/2023;10:04:32;IN;Agente;3709;Agente/610;30;4;34;
1677157489.1287;23/02/2023;10:04:49;IN;Agente;0016;Agente/611;27;3;30;
1677157502.1289;23/02/2023;10:05:02;IN;Agente;1812;Agente/608;8;3;11;
1677157517.1291;23/02/2023;10:05:18;IN;Agente;1415;Agente/613;26;3;29;
1677157531.1293;23/02/2023;10:05:31;IN;Agente;4108;Agente/605;19;3;22;
1677157535.1294;23/02/2023;10:05:35;IN;Agente;0016;Agente/607;28;15;43;
1677157553.1297;23/02/2023;10:05:54;IN;Agente;4207;Agente/612;16;3;19;
1677157558.1299;23/02/2023;10:05:58;IN;Agente;4217;Agente/609;61;3;64;
1677157561.1301;23/02/2023;10:06:01;IN;Agente;4003;Agente/610;15;4;19;
1677157565.1303;23/02/2023;10:06:05;IN;Agente;3804;Agente/608;40;3;43;
1677157610.1306;23/02/2023;10:06:51;IN;Agente;4215;Agente/611;16;2;18;
1677157623.1308;23/02/2023;10:07:04;IN;Agente;4111;Agente/613;14;3;17;
1677157642.1310;23/02/2023;10:07:22;IN;Agente;2016;Agente/605;8;3;11;
1677157647.1311;23/02/2023;10:07:27;IN;Agente;1812;Agente/612;14;4;18;
1677157654.1314;23/02/2023;10:07:35;IN;Agente;3915;Agente/607;11;4;15;
1677157659.1315;23/02/2023;10:07:39;IN;Agente;4221;Agente/610;25;4;29;
1677157670.1318;23/02/2023;10:07:50;IN;Agente;2105;Agente/608;11;2;13;
1677157694.1320;23/02/2023;10:08:15;IN;Agente;4213;Agente/609;15;3;18;
1677157702.1322;23/02/2023;10:08:23;IN;Agente;1208;Agente/613;16;3;19;
1677157752.1324;23/02/2023;10:09:12;IN;Agente;1012;Agente/605;19;5;24;
1677157776.1326;23/02/2023;10:09:36;IN;Agente;2115;Agente/612;14;3;17;
1677157798.1328;23/02/2023;10:09:58;IN;Agente;0208;Agente/607;16;5;21;
1677157843.1330;23/02/2023;10:10:43;IN;Agente;1810;Agente/608;16;3;19;
1677157843.1331;23/02/2023;10:10:44;IN;Agente;1016;Agente/610;36;4;40;
1677157875.1334;23/02/2023;10:11:15;IN;Agente;4405;Agente/609;15;3;18;
1677157896.1336;23/02/2023;10:11:36;IN;Agente;3821;Agente/613;1;3;4;
1677157900.1337;23/02/2023;10:11:41;IN;Agente;4415;Agente/612;17;16;33;
1677157911.1340;23/02/2023;10:11:52;IN;Agente;3821;Agente/605;20;4;24;
1677157923.1343;23/02/2023;10:12:03;IN;Agente;0903;Agente/607;14;3;17;
1677157944.1345;23/02/2023;10:12:24;IN;URA;1110;VILLE-FR_ONLINE;0;2;2;
1677157969.1346;23/02/2023;10:12:50;IN;Agente;3906;Agente/608;18;2;20;
1677157970.1347;23/02/2023;10:12:50;IN;Agente;1410;Agente/610;41;4;45;
1677157975.1348;23/02/2023;10:12:55;IN;Agente;1110;Agente/609;22;3;25;
1677157976.1349;23/02/2023;10:12:56;IN;Agente;1012;Agente/613;37;2;39;
1677157979.1352;23/02/2023;10:12:59;IN;Agente;4011;Agente/612;22;3;25;
1677157985.1355;23/02/2023;10:13:05;IN;Agente;2109;Agente/605;46;4;50;
1677158054.1358;23/02/2023;10:14:14;IN;Agente;0404;Agente/607;13;5;18;
1677158054.1359;23/02/2023;10:14:14;IN;Agente;2804;Agente/609;14;17;31;
1677158061.1362;23/02/2023;10:14:21;IN;Agente;1103;Agente/608;21;5;26;
1677158078.1365;23/02/2023;10:14:38;IN;Agente;4002;Agente/612;9;2;11;
1677158098.1367;23/02/2023;10:14:59;IN;Agente;0407;Agente/613;18;3;21;
1677158111.1369;23/02/2023;10:15:11;IN;Agente;2705;Agente/610;21;4;25;
1677158154.1371;23/02/2023;10:15:54;IN;Agente;1812;Agente/605;42;2;44;
1677158179.1373;23/02/2023;10:16:19;IN;Agente;1116;Agente/607;19;4;23;
1677158190.1375;23/02/2023;10:16:30;IN;Agente;4101;Agente/611;17;3;20;
1677158190.1376;23/02/2023;10:16:30;IN;URA;2803;VILLE-FR_ONLINE;0;1;1;
1677158194.1377;23/02/2023;10:16:34;IN;Agente;2803;Agente/609;17;3;20;
1677158195.1378;23/02/2023;10:16:35;IN;Agente;1110;Agente/608;8;15;23;
1677158248.1383;23/02/2023;10:17:29;IN;Agente;0907;Agente/612;18;3;21;
1677158304.1385;23/02/2023;10:18:25;IN;Agente;0207;Agente/613;14;3;17;
1677158307.1386;23/02/2023;10:18:28;IN;Agente;0212;Agente/610;12;3;15;
1677158318.1389;23/02/2023;10:18:38;IN;Agente;2705;Agente/605;28;4;32;
1677158333.1391;23/02/2023;10:18:53;IN;Agente;3702;Agente/607;49;5;54;
1677158343.1393;23/02/2023;10:19:03;IN;Agente;3519;Agente/611;40;4;44;
1677158343.1394;23/02/2023;10:19:03;IN;Agente;1812;Agente/609;25;4;29;
1677158343.1395;23/02/2023;10:19:03;IN;Agente;2107;Agente/608;7;3;10;
1677158358.1399;23/02/2023;10:19:18;IN;Agente;1208;Agente/612;27;2;29;
1677158397.1401;23/02/2023;10:19:58;IN;Agente;1403;Agente/613;14;16;30;
1677158440.1404;23/02/2023;10:20:41;IN;Agente;1908;Agente/610;45;3;48;
1677158455.1406;23/02/2023;10:20:55;IN;Agente;0921;Agente/605;34;3;37;
1677158457.1407;23/02/2023;10:20:57;IN;Agente;4115;Agente/608;17;3;20;
1677158471.1410;23/02/2023;10:21:11;IN;Agente;2302;Agente/609;30;4;34;
1677158474.1411;23/02/2023;10:21:14;IN;Agente;3507;Agente/607;28;17;45;
1677158485.1414;23/02/2023;10:21:25;IN;Agente;3401;Agente/611;15;2;17;
1677158487.1415;23/02/2023;10:21:27;IN;Agente;4115;Agente/612;19;3;22;
1677158488.1416;23/02/2023;10:21:28;IN;Agente;2410;Agente/613;32;3;35;
1677158489.1417;23/02/2023;10:21:29;IN;Agente;2607;Agente/608;13;4;17;
1677158500.1423;23/02/2023;10:21:40;IN;Agente;2109;Agente/610;44;12;56;
1677158573.1425;23/02/2023;10:22:53;IN;Agente;3515;Agente/605;31;3;34;
1677158599.1427;23/02/2023;10:23:19;IN;Agente;1224;Agente/611;14;17;31;
1677158641.1430;23/02/2023;10:24:01;IN;Agente;1810;Agente/609;16;3;19;
1677158649.1432;23/02/2023;10:24:09;IN;Agente;1403;Agente/608;22;4;26;
1677158664.1434;23/02/2023;10:24:24;IN;Agente;4220;Agente/612;24;3;27;
1677158703.1436;23/02/2023;10:25:03;IN;Agente;4019;Agente/607;13;15;28;
1677158722.1439;23/02/2023;10:25:23;IN;Agente;2708;Agente/613;28;2;30;
1677158744.1441;23/02/2023;10:25:44;IN;URA;2109;VILLE-FR_ONLINE;0;6;6;
1677158756.1442;23/02/2023;10:25:56;IN;Agente;2109;Agente/610;37;4;41;
1677158766.1444;23/02/2023;10:26:06;IN;Agente;2708;Agente/605;31;2;33;
1677158773.1446;23/02/2023;10:26:13;IN;Agente;2604;Agente/611;16;3;19;
1677158784.1448;23/02/2023;10:26:24;IN;Agente;3609;Agente/609;14;3;17;
1677158803.1450;23/02/2023;10:26:44;IN;Agente;1404;Agente/608;7;2;9;
1677158805.1451;23/02/2023;10:26:45;IN;Agente;2107;Agente/612;16;2;18;
1677158838.1454;23/02/2023;10:27:18;IN;Agente;2213;Agente/607;10;5;15;
1677158844.1455;23/02/2023;10:27:24;IN;Agente;3513;Agente/613;36;4;40;
1677158855.1458;23/02/2023;10:27:35;IN;Agente;2105;Agente/611;17;3;20;
1677158906.1460;23/02/2023;10:28:26;IN;Agente;4002;Agente/610;17;4;21;
1677158906.1461;23/02/2023;10:28:26;IN;URA;3707;VILLE-FR_ONLINE;0;0;0;
1677158909.1462;23/02/2023;10:28:29;IN;Agente;3707;Agente/605;108;2;110;
1677158911.1463;23/02/2023;10:28:31;IN;Agente;0212;Agente/609;32;4;36;
1677158918.1467;23/02/2023;10:28:38;IN;Agente;2606;Agente/608;17;5;22;
1677158932.1469;23/02/2023;10:28:52;IN;Agente;0207;Agente/612;27;3;30;
1677158994.1471;23/02/2023;10:29:55;IN;Agente;2105;Agente/607;13;3;16;
1677159023.1473;23/02/2023;10:30:23;IN;Agente;2004;Agente/611;13;3;16;
1677159026.1474;23/02/2023;10:30:26;IN;Agente;0403;Agente/613;18;16;34;
1677159028.1475;23/02/2023;10:30:28;IN;Agente;2602;Agente/610;16;4;20;
1677159053.1480;23/02/2023;10:30:54;IN;Agente;2004;Agente/608;12;2;14;
1677159054.1481;23/02/2023;10:30:55;IN;Agente;1230;Agente/609;16;3;19;
1677159060.1483;23/02/2023;10:31:00;IN;Agente;3707;Agente/612;57;3;60;
1677159066.1485;23/02/2023;10:31:07;IN;Agente;0910;Agente/607;34;3;37;
1677159081.1488;23/02/2023;10:31:22;IN;Agente;1802;Agente/605;21;4;25;
1677159129.1490;23/02/2023;10:32:10;IN;Agente;2705;Agente/611;23;3;26;
1677159135.1491;23/02/2023;10:32:15;IN;Agente;2604;Agente/610;15;3;18;
1677159138.1493;23/02/2023;10:32:18;IN;Agente;4114;Agente/613;15;3;18;
1677159140.1494;23/02/2023;10:32:20;IN;Agente;3821;Agente/608;11;3;14;
1677159160.1498;23/02/2023;10:32:40;IN;Agente;0919;Agente/609;27;4;31;
1677159169.1500;23/02/2023;10:32:49;IN;Agente;2607;Agente/607;10;3;13;
1677159202.1502;23/02/2023;10:33:22;IN;Agente;3515;Agente/605;11;4;15;
1677159211.1504;23/02/2023;10:33:31;IN;Agente;0921;Agente/610;61;4;65;
1677159216.1505;23/02/2023;10:33:36;IN;Agente;0909;Agente/611;25;3;28;
1677159217.1506;23/02/2023;10:33:37;IN;Agente;2012;Agente/613;21;3;24;
1677159220.1508;23/02/2023;10:33:40;IN;Agente;3707;Agente/607;21;4;25;
1677159221.1509;23/02/2023;10:33:42;IN;Agente;3507;Agente/609;20;3;23;
1677159231.1514;23/02/2023;10:33:52;IN;Agente;1220;Agente/605;19;3;22;
1677159235.1515;23/02/2023;10:33:55;IN;Agente;2016;Agente/613;19;15;34;
1677159242.1517;23/02/2023;10:34:02;IN;Agente;1818;Agente/609;15;12;27;
1677159243.1518;23/02/2023;10:34:03;IN;Agente;1014;Agente/611;30;11;41;
1677159244.1519;23/02/2023;10:34:04;IN;Agente;2801;Agente/607;28;10;38;
1677159249.1520;23/02/2023;10:34:09;IN;Agente;2613;Agente/605;8;14;22;
1677159282.1526;23/02/2023;10:34:42;IN;Agente;2118;Agente/609;16;3;19;
1677159320.1528;23/02/2023;10:35:20;IN;Agente;2606;Agente/613;25;2;27;
1677159376.1530;23/02/2023;10:36:16;IN;Agente;2114;Agente/605;35;5;40;
1677159392.1532;23/02/2023;10:36:33;IN;Agente;1810;Agente/610;23;4;27;
1677159394.1533;23/02/2023;10:36:35;IN;Agente;3514;Agente/607;28;15;43;
1677159417.1537;23/02/2023;10:36:58;IN;Agente;2302;Agente/611;21;20;41;
1677159445.1541;23/02/2023;10:37:25;IN;Agente;3509;Agente/609;33;3;36;
1677159453.1543;23/02/2023;10:37:33;IN;Agente;3609;Agente/613;18;3;21;
1677159455.1544;23/02/2023;10:37:35;IN;Agente;2114;Agente/605;9;4;13;
1677159456.1545;23/02/2023;10:37:36;IN;Agente;0901;Agente/610;29;2;31;
1677159457.1546;23/02/2023;10:37:37;IN;Agente;4408;Agente/607;11;4;15;
1677159459.1547;23/02/2023;10:37:39;IN;Agente;1419;Agente/611;14;29;43;
1677159472.1552;23/02/2023;10:37:52;IN;Agente;1214;Agente/607;9;13;22;
1677159479.1554;23/02/2023;10:37:59;IN;Agente;3808;Agente/605;11;15;26;
1677159502.1559;23/02/2023;10:38:22;IN;URA;3910;VILLE-FR_ONLINE;0;6;6;
1677159504.1560;23/02/2023;10:38:25;IN;Agente;3505;Agente/613;14;2;16;
1677159506.1561;23/02/2023;10:38:27;IN;Agente;0404;Agente/609;13;4;17;
1677159514.1564;23/02/2023;10:38:34;IN;Agente;0423;Agente/610;36;4;40;
1677159517.1565;23/02/2023;10:38:38;IN;Agente;3902;Agente/608;7;15;22;
1677159532.1568;23/02/2023;10:38:53;IN;Agente;1105;Agente/607;30;2;32;
1677159537.1570;23/02/2023;10:38:57;IN;Agente;4023;Agente/612;19;2;21;
1677159595.1574;23/02/2023;10:39:55;IN;Agente;1230;Agente/611;25;3;28;
1677159607.1576;23/02/2023;10:40:07;IN;Agente;2016;Agente/605;28;3;31;
1677159608.1577;23/02/2023;10:40:09;IN;Agente;4015;Agente/613;34;2;36;
1677159612.1578;23/02/2023;10:40:13;IN;Agente;2010;Agente/609;21;2;23;
1677159613.1579;23/02/2023;10:40:13;IN;Agente;3715;Agente/608;22;5;27;
1677159635.1584;23/02/2023;10:40:35;IN;Agente;1214;Agente/610;30;3;33;
1677159646.1586;23/02/2023;10:40:46;IN;Agente;4211;Agente/612;12;2;14;
1677159648.1587;23/02/2023;10:40:48;IN;Agente;2208;Agente/607;12;3;15;
1677159650.1588;23/02/2023;10:40:50;INTERNO;SIP;9955;2009;5;0;5;
1677159656.1591;23/02/2023;10:40:56;IN;QUE;3603;VILLE-900;0;1;1;
1677159664.1593;23/02/2023;10:41:04;INTERNO;SIP;VILLE-9955;VILLE-2010;11;3;14;
1677159680.1595;23/02/2023;10:41:20;IN;Agente;3420;Agente/611;13;2;15;
1677159685.1596;23/02/2023;10:41:26;IN;Agente;0410;Agente/609;112;5;117;
1677159693.1599;23/02/2023;10:41:33;IN;Agente;0218;Agente/605;16;2;18;
1677159696.1600;23/02/2023;10:41:37;IN;Agente;1226;Agente/608;6;3;9;
1677159707.1603;23/02/2023;10:41:47;IN;Agente;3709;Agente/613;14;3;17;
1677159715.1605;23/02/2023;10:41:55;IN;Agente;4406;Agente/612;58;4;62;
1677159738.1607;23/02/2023;10:42:18;IN;Agente;0913;Agente/607;55;3;58;
1677159740.1608;23/02/2023;10:42:21;IN;Agente;2010;Agente/610;125;4;129;
1677159762.1611;23/02/2023;10:42:42;IN;Agente;1808;Agente/611;33;3;36;
1677159769.1613;23/02/2023;10:42:50;IN;Agente;3414;Agente/608;13;3;16;
1677159775.1614;23/02/2023;10:42:55;IN;Agente;0909;Agente/605;29;4;33;
1677159805.1617;23/02/2023;10:43:25;IN;Agente;2307;Agente/613;14;3;17;
1677159807.1618;23/02/2023;10:43:27;IN;Agente;2208;Agente/612;10;3;13;
1677159814.1620;23/02/2023;10:43:34;IN;Agente;3519;Agente/608;26;5;31;
1677159816.1622;23/02/2023;10:43:36;IN;Agente;4019;Agente/607;10;3;13;
1677159831.1625;23/02/2023;10:43:51;IN;Agente;2606;Agente/611;31;3;34;
1677159852.1627;23/02/2023;10:44:12;IN;Agente;2415;Agente/609;11;3;14;
1677159859.1629;23/02/2023;10:44:19;IN;Agente;2604;Agente/605;21;15;36;
1677159886.1632;23/02/2023;10:44:47;IN;Agente;4211;Agente/612;10;3;13;
1677159892.1633;23/02/2023;10:44:53;IN;Agente;2602;Agente/613;37;3;40;
1677159894.1635;23/02/2023;10:44:55;IN;Agente;4002;Agente/607;70;15;85;
1677159912.1638;23/02/2023;10:45:12;IN;Agente;4121;Agente/608;17;3;20;
1677159925.1641;23/02/2023;10:45:25;IN;Agente;4416;Agente/611;91;3;94;
1677159948.1643;23/02/2023;10:45:48;IN;Agente;0009;Agente/609;26;3;29;
1677159972.1645;23/02/2023;10:46:12;IN;Agente;1801;Agente/610;20;3;23;
1677159983.1647;23/02/2023;10:46:23;IN;Agente;2302;Agente/605;11;3;14;
1677160004.1649;23/02/2023;10:46:44;IN;URA;3902;VILLE-FR_ONLINE;0;2;2;
1677160010.1650;23/02/2023;10:46:50;IN;Agente;1810;Agente/612;12;3;15;
1677160012.1651;23/02/2023;10:46:52;IN;Agente;1419;Agente/608;13;3;16;
1677160017.1653;23/02/2023;10:46:57;IN;Agente;2613;Agente/613;30;3;33;
1677160025.1656;23/02/2023;10:47:05;IN;Agente;1817;Agente/609;10;2;12;
1677160043.1658;23/02/2023;10:47:23;IN;Agente;1014;Agente/607;12;4;16;
1677160046.1659;23/02/2023;10:47:26;IN;Agente;1805;Agente/610;40;3;43;
1677160078.1662;23/02/2023;10:47:58;IN;Agente;1404;Agente/605;25;4;29;
1677160084.1663;23/02/2023;10:48:05;IN;Agente;0905;Agente/611;14;3;17;
1677160088.1665;23/02/2023;10:48:08;IN;Agente;2205;Agente/612;31;3;34;
1677160091.1666;23/02/2023;10:48:11;IN;Agente;2607;Agente/608;16;3;19;
1677160106.1670;23/02/2023;10:48:26;IN;Agente;3505;Agente/609;0;3;3;
1677160107.1671;23/02/2023;10:48:28;IN;Agente;2103;Agente/613;0;3;3;
