bilheteunico;calldate;hora;tipo;origem;destino;duracao;duracaototal
1675158033.11;"2023-01-31";"06:40:33";Recebida;1801 - 1801;URA - FR_ONLINE;30;30;
1675158080.13;"2023-01-31";"06:41:20";Recebida;1803 - 1803;URA - FR_ONLINE;28;28;
1675158125.15;"2023-01-31";"06:42:05";Recebida;0014 - 0014;URA - FR_ONLINE;21;21;
1675158129.16;"2023-01-31";"06:42:09";Recebida;1809 - 1809;URA - FR_ONLINE;24;24;
1675158163.19;"2023-01-31";"06:42:43";Recebida;0003 - 0003;URA - FR_ONLINE;33;33;
1675158205.21;"2023-01-31";"06:43:25";Recebida;1815 - 1815;URA - FR_ONLINE;22;22;
1675158220.23;"2023-01-31";"06:43:40";Recebida;2302 - 2302;URA - FR_ONLINE;28;28;
1675158235.25;"2023-01-31";"06:43:55";Recebida;0004 - 0004;URA - FR_ONLINE;20;20;
1675158246.28;"2023-01-31";"06:44:06";Recebida;2317 - 2317;URA - FR_ONLINE;43;43;
1675158256.30;"2023-01-31";"06:44:16";Recebida;0019 - 0019;URA - FR_ONLINE;23;23;
1675158282.32;"2023-01-31";"06:44:43";Recebida;1817 - 1817;URA - FR_ONLINE;25;25;
1675158360.34;"2023-01-31";"06:46:00";Recebida;0011 - 0011;URA - FR_ONLINE;23;23;
1675158364.35;"2023-01-31";"06:46:04";Recebida;0017 - 0017;URA - FR_ONLINE;34;34;
1675158560.38;"2023-01-31";"06:49:20";Recebida;4105 - 4105;URA - FR_ONLINE;19;19;
1675158584.40;"2023-01-31";"06:49:44";Recebida;2205 - 2205;URA - FR_ONLINE;51;51;
1675158631.42;"2023-01-31";"06:50:31";Recebida;4108 - 4108;URA - FR_ONLINE;30;30;
1675158670.44;"2023-01-31";"06:51:10";Recebida;2208 - 2208;URA - FR_ONLINE;38;38;
1675158678.46;"2023-01-31";"06:51:18";Recebida;4108 - 4108;URA - FR_ONLINE;19;19;
1675158699.48;"2023-01-31";"06:51:39";Recebida;2202 - 2202;URA - FR_ONLINE;26;26;
1675158721.50;"2023-01-31";"06:52:01";Recebida;4404 - 4404;URA - FR_ONLINE;20;20;
1675158784.52;"2023-01-31";"06:53:04";Recebida;4002 - 4002;URA - FR_ONLINE;26;26;
1675158801.54;"2023-01-31";"06:53:21";Recebida;2307 - 2307;URA - FR_ONLINE;29;29;
1675158810.56;"2023-01-31";"06:53:30";Recebida;4018 - 4018;URA - FR_ONLINE;27;27;
1675158815.57;"2023-01-31";"06:53:35";Recebida;4410 - 4410;URA - FR_ONLINE;26;26;
1675158827.60;"2023-01-31";"06:53:47";Recebida;4118 - 4118;URA - FR_ONLINE;30;30;
1675158828.61;"2023-01-31";"06:53:48";Recebida;4012 - 4012;URA - FR_ONLINE;21;21;
1675158871.64;"2023-01-31";"06:54:32";Recebida;3811 - 3811;URA - FR_ONLINE;34;34;
1675158896.66;"2023-01-31";"06:54:56";Recebida;4416 - 4416;URA - FR_ONLINE;22;22;
1675158898.67;"2023-01-31";"06:54:59";Recebida;4015 - 4015;URA - FR_ONLINE;28;28;
1675158938.70;"2023-01-31";"06:55:38";Recebida;2115 - 2115;URA - FR_ONLINE;164;164;
1675158957.72;"2023-01-31";"06:55:57";Recebida;2215 - 2215;URA - FR_ONLINE;113;113;
1675158972.74;"2023-01-31";"06:56:12";Recebida;1410 - 1410;URA - FR_ONLINE;77;77;
1675158981.76;"2023-01-31";"06:56:22";Recebida;1810 - 1810;URA - FR_ONLINE;13;13;
1675158989.78;"2023-01-31";"06:56:30";Recebida;1010 - 1010;URA - FR_ONLINE;33;33;
1675158997.80;"2023-01-31";"06:56:37";Recebida;2010 - 2010;URA - FR_ONLINE;37;37;
1675159001.81;"2023-01-31";"06:56:41";Recebida;2016 - 2016;URA - FR_ONLINE;20;20;
1675159003.82;"2023-01-31";"06:56:43";Recebida;1810 - 1810;URA - FR_ONLINE;11;11;
1675159010.86;"2023-01-31";"06:56:50";Recebida;0207 - 0207;URA - FR_ONLINE;64;64;
1675159012.87;"2023-01-31";"06:56:52";Recebida;2019 - 2019;URA - FR_ONLINE;50;50;
1675159013.88;"2023-01-31";"06:56:53";Recebida;1002 - 1002;URA - FR_ONLINE;56;56;
1675159015.89;"2023-01-31";"06:56:56";Recebida;3805 - 3805;URA - FR_ONLINE;73;73;
1675159025.90;"2023-01-31";"06:57:06";Recebida;0204 - 0204;URA - FR_ONLINE;64;64;
1675159046.93;"2023-01-31";"06:57:26";Recebida;2117 - 2117;URA - FR_ONLINE;52;52;
1675159049.95;"2023-01-31";"06:57:29";Recebida;2809 - 2809;URA - FR_ONLINE;53;53;
1675159060.96;"2023-01-31";"06:57:40";Recebida;3703 - 3703;URA - FR_ONLINE;69;69;
1675159061.98;"2023-01-31";"06:57:41";Recebida;1414 - 1414;URA - FR_ONLINE;62;62;
1675159062.99;"2023-01-31";"06:57:43";Recebida;1902 - 1902;URA - FR_ONLINE;63;63;
1675159066.100;"2023-01-31";"06:57:46";Recebida;3410 - 3410;URA - FR_ONLINE;89;89;
1675159068.101;"2023-01-31";"06:57:49";Recebida;1014 - 1014;URA - FR_ONLINE;60;60;
1675159074.102;"2023-01-31";"06:57:54";Recebida;0214 - 0214;URA - FR_ONLINE;65;65;
1675159083.106;"2023-01-31";"06:58:03";Interna;9951 - 9951;2215 - 2215;19;19;
1675159098.110;"2023-01-31";"06:58:18";Recebida;3401 - 3401;URA - FR_ONLINE;61;61;
1675159111.112;"2023-01-31";"06:58:31";Recebida;2109 - 2109;URA - FR_ONLINE;34;34;
1675159116.115;"2023-01-31";"06:58:36";Recebida;1403 - 1403;URA - FR_ONLINE;38;38;
1675159128.117;"2023-01-31";"06:58:48";Recebida;2705 - 2705;URA - FR_ONLINE;32;32;
1675159145.122;"2023-01-31";"06:59:05";Recebida;2711 - 2711;URA - FR_ONLINE;51;51;
1675159147.123;"2023-01-31";"06:59:07";Recebida;3707 - 3707;URA - FR_ONLINE;25;25;
1675159149.124;"2023-01-31";"06:59:09";Recebida;0211 - 0211;URA - FR_ONLINE;30;30;
1675159156.127;"2023-01-31";"06:59:16";Recebida;2708 - 2708;URA - FR_ONLINE;36;36;
1675159160.128;"2023-01-31";"06:59:20";Recebida;3709 - 3709;URA - FR_ONLINE;28;28;
1675159161.129;"2023-01-31";"06:59:21";Recebida;1911 - 1911;URA - FR_ONLINE;33;33;
1675159188.134;"2023-01-31";"06:59:49";Recebida;2004 - 2004;URA - FR_ONLINE;19;19;
1675159189.135;"2023-01-31";"06:59:49";Recebida;4215 - 4215;URA - FR_ONLINE;29;29;
1675159191.136;"2023-01-31";"06:59:51";Recebida;2105 - 2105;URA - FR_ONLINE;22;22;
1675159196.139;"2023-01-31";"06:59:56";Recebida;2708 - 2708;URA - FR_ONLINE;15;15;
1675159213.142;"2023-01-31";"07:00:13";Recebida;1911 - 1911;URA - FR_ONLINE;2;2;
1675159220.143;"2023-01-31";"07:00:21";Recebida;3407 - 3407;URA - FR_ONLINE;38;38;
1675159221.144;"2023-01-31";"07:00:21";Recebida;0207 - 0207;URA - FR_ONLINE;20;20;
1675159258.147;"2023-01-31";"07:00:58";Recebida;3512 - 3512;URA - FR_ONLINE;24;24;
1675159259.148;"2023-01-31";"07:00:59";Recebida;2807 - 2807;URA - FR_ONLINE;25;25;
1675159275.151;"2023-01-31";"07:01:16";Recebida;2410 - 2410;URA - FR_ONLINE;18;18;
1675159279.152;"2023-01-31";"07:01:19";Recebida;3808 - 3808;URA - FR_ONLINE;40;40;
1675159280.153;"2023-01-31";"07:01:20";Recebida;3516 - 3516;URA - FR_ONLINE;16;16;
1675159281.154;"2023-01-31";"07:01:21";Recebida;3420 - 3420;URA - FR_ONLINE;37;37;
1675159281.155;"2023-01-31";"07:01:21";Recebida;1908 - 1908;URA - FR_ONLINE;56;56;
1675159283.157;"2023-01-31";"07:01:24";Recebida;4201 - 4201;URA - FR_ONLINE;33;33;
1675159303.163;"2023-01-31";"07:01:44";Recebida;2415 - 2415;URA - FR_ONLINE;28;28;
1675159324.165;"2023-01-31";"07:02:05";Recebida;2801 - 2801;URA - FR_ONLINE;20;20;
1675159331.167;"2023-01-31";"07:02:12";Recebida;3509 - 3509;URA - FR_ONLINE;19;19;
1675159350.169;"2023-01-31";"07:02:30";Recebida;4408 - 4408;URA - FR_ONLINE;27;27;
1675159373.171;"2023-01-31";"07:02:53";Recebida;1019 - 1019;URA - FR_ONLINE;33;33;
1675159374.172;"2023-01-31";"07:02:54";Recebida;2607 - 2607;URA - FR_ONLINE;21;21;
1675159378.173;"2023-01-31";"07:02:58";Recebida;4211 - 4211;URA - FR_ONLINE;23;23;
1675159397.177;"2023-01-31";"07:03:17";Recebida;2613 - 2613;URA - FR_ONLINE;18;18;
1675159397.178;"2023-01-31";"07:03:17";Recebida;4402 - 4402;URA - FR_ONLINE;22;22;
1675159403.180;"2023-01-31";"07:03:23";Recebida;4207 - 4207;URA - FR_ONLINE;35;35;
1675159422.183;"2023-01-31";"07:03:43";Recebida;1103 - 1103;URA - FR_ONLINE;21;21;
1675159432.185;"2023-01-31";"07:03:52";Recebida;2317 - 2317;URA - FR_ONLINE;19;19;
1675159432.186;"2023-01-31";"07:03:52";Recebida;4404 - 4404;URA - FR_ONLINE;21;21;
1675159439.187;"2023-01-31";"07:03:59";Recebida;4217 - 4217;URA - FR_ONLINE;24;24;
1675159522.192;"2023-01-31";"07:05:22";Recebida;2006 - 2006;URA - FR_ONLINE;41;41;
1675159540.194;"2023-01-31";"07:05:41";Recebida;1111 - 1111;URA - FR_ONLINE;27;27;
1675159548.196;"2023-01-31";"07:05:48";Recebida;2310 - 2310;URA - FR_ONLINE;20;20;
1675159557.198;"2023-01-31";"07:05:57";Recebida;2604 - 2604;URA - FR_ONLINE;21;21;
1675159575.200;"2023-01-31";"07:06:16";Recebida;2310 - 2310;URA - FR_ONLINE;27;27;
1675159588.202;"2023-01-31";"07:06:28";Recebida;4212 - 4212;URA - FR_ONLINE;22;22;
1675159604.204;"2023-01-31";"07:06:44";Recebida;1105 - 1105;URA - FR_ONLINE;22;22;
1675159641.206;"2023-01-31";"07:07:22";Recebida;3821 - 3821;URA - FR_ONLINE;32;32;
1675159647.207;"2023-01-31";"07:07:27";Recebida;1417 - 1417;URA - FR_ONLINE;23;23;
1675159665.210;"2023-01-31";"07:07:45";Recebida;4209 - 4209;URA - FR_ONLINE;21;21;
1675159833.212;"2023-01-31";"07:10:33";Recebida;1111 - 1111;URA - FR_ONLINE;23;23;
1675159844.214;"2023-01-31";"07:10:44";Recebida;3819 - 3819;URA - FR_ONLINE;21;21;
1675159903.216;"2023-01-31";"07:11:43";Recebida;3509 - 3509;URA - FR_ONLINE;23;23;
1675160024.218;"2023-01-31";"07:13:44";Recebida;3808 - 3808;URA - FR_ONLINE;20;20;
1675160067.220;"2023-01-31";"07:14:27";Recebida;4021 - 4021;URA - FR_ONLINE;29;29;
1675160086.222;"2023-01-31";"07:14:47";Recebida;4410 - 4410;URA - FR_ONLINE;32;32;
1675160087.223;"2023-01-31";"07:14:47";Recebida;2317 - 2317;URA - FR_ONLINE;22;22;
1675160090.224;"2023-01-31";"07:14:50";Recebida;2410 - 2410;URA - FR_ONLINE;17;17;
1675160138.228;"2023-01-31";"07:15:39";Recebida;4416 - 4416;URA - FR_ONLINE;24;24;
1675160164.230;"2023-01-31";"07:16:04";Recebida;3802 - 3802;URA - FR_ONLINE;26;26;
1675160184.232;"2023-01-31";"07:16:24";Recebida;4414 - 4414;URA - FR_ONLINE;46;46;
1675160253.235;"2023-01-31";"07:17:33";Recebida;4414 - 4414;URA - FR_ONLINE;18;18;
1675160257.236;"2023-01-31";"07:17:37";Recebida;4408 - 4408;URA - FR_ONLINE;32;32;
1675160299.240;"2023-01-31";"07:18:19";Recebida;3410 - 3410;URA - FR_ONLINE;21;21;
1675160320.242;"2023-01-31";"07:18:40";Recebida;0004 - 0004;URA - FR_ONLINE;18;18;
1675160371.244;"2023-01-31";"07:19:31";Recebida;1803 - 1803;URA - FR_ONLINE;59;59;
1675160437.246;"2023-01-31";"07:20:37";Recebida;4002 - 4002;URA - FR_ONLINE;29;29;
1675160587.248;"2023-01-31";"07:23:07";Recebida;2410 - 2410;URA - FR_ONLINE;20;20;
1675160682.250;"2023-01-31";"07:24:42";Recebida;4416 - 4416;URA - FR_ONLINE;40;40;
1675160734.252;"2023-01-31";"07:25:34";Recebida;1404 - 1404;URA - FR_ONLINE;17;17;
1675160734.253;"2023-01-31";"07:25:35";Recebida;4121 - 4121;URA - FR_ONLINE;36;36;
1675160972.256;"2023-01-31";"07:29:33";Recebida;2405 - 2405;URA - FR_ONLINE;22;22;
1675161118.258;"2023-01-31";"07:31:59";Recebida;4410 - 4410;URA - FR_ONLINE;57;57;
1675161199.261;"2023-01-31";"07:33:19";Recebida;0414 - 0414;URA - FR_ONLINE;36;36;
1675161366.263;"2023-01-31";"07:36:07";Recebida;3515 - 3515;URA - FR_ONLINE;26;26;
1675161406.265;"2023-01-31";"07:36:46";Recebida;2708 - 2708;URA - FR_ONLINE;53;53;
1675161407.266;"2023-01-31";"07:36:47";Recebida;3513 - 3513;URA - FR_ONLINE;27;27;
1675161528.269;"2023-01-31";"07:38:49";Recebida;2202 - 2202;URA - FR_ONLINE;62;62;
1675161556.274;"2023-01-31";"07:39:16";Recebida;3805 - 3805;URA - FR_ONLINE;24;24;
1675161573.276;"2023-01-31";"07:39:33";Recebida;0011 - 0011;URA - FR_ONLINE;22;22;
1675161615.278;"2023-01-31";"07:40:15";Recebida;2202 - 2202;URA - FR_ONLINE;120;120;
1675161688.281;"2023-01-31";"07:41:29";Recebida;4118 - 4118;URA - FR_ONLINE;24;24;
1675161724.283;"2023-01-31";"07:42:05";Recebida;0403 - 0403;URA - FR_ONLINE;24;24;
1675161861.285;"2023-01-31";"07:44:21";Recebida;2613 - 2613;URA - FR_ONLINE;19;19;
1675162021.287;"2023-01-31";"07:47:01";Recebida;2317 - 2317;URA - FR_ONLINE;22;22;
1675162040.289;"2023-01-31";"07:47:20";Recebida;0214 - 0214;URA - FR_ONLINE;16;16;
1675162067.291;"2023-01-31";"07:47:47";Recebida;0209 - 0209;URA - FR_ONLINE;29;29;
1675162107.293;"2023-01-31";"07:48:27";Recebida;4111 - 4111;URA - FR_ONLINE;32;32;
1675162144.295;"2023-01-31";"07:49:04";Recebida;0422 - 0422;URA - FR_ONLINE;36;36;
1675162159.297;"2023-01-31";"07:49:20";Recebida;0216 - 0216;URA - FR_ONLINE;22;22;
1675162182.299;"2023-01-31";"07:49:42";Recebida;2902 - 2902;URA - FR_ONLINE;50;50;
1675162189.301;"2023-01-31";"07:49:49";Recebida;4402 - 4402;URA - FR_ONLINE;18;18;
1675162221.303;"2023-01-31";"07:50:21";Recebida;2006 - 2006;URA - FR_ONLINE;25;25;
1675162547.305;"2023-01-31";"07:55:47";Recebida;0004 - 0004;URA - FR_ONLINE;25;25;
1675162600.307;"2023-01-31";"07:56:40";Recebida;0209 - 0209;URA - FR_ONLINE;22;22;
1675162708.309;"2023-01-31";"07:58:28";Recebida;0207 - 0207;URA - FR_ONLINE;21;21;
1675162710.310;"2023-01-31";"07:58:30";Recebida;0004 - 0004;URA - FR_ONLINE;16;16;
1675162713.311;"2023-01-31";"07:58:33";Recebida;1806 - 1806;URA - FR_ONLINE;33;33;
1675162718.314;"2023-01-31";"07:58:38";Recebida;2016 - 2016;URA - FR_ONLINE;20;20;
1675162750.317;"2023-01-31";"07:59:10";Recebida;0412 - 0412;URA - FR_ONLINE;24;24;
1675162796.319;"2023-01-31";"07:59:56";Recebida;2410 - 2410;URA - FR_ONLINE;25;25;
1675162856.321;"2023-01-31";"08:00:56";Recebida;0422 - 0422;URA - FR_ONLINE;22;22;
1675162872.324;"2023-01-31";"08:01:12";Recebida;0011 - 0011;URA - FR_ONLINE;20;20;
1675162876.325;"2023-01-31";"08:01:16";Recebida;2208 - 2208;URA - FR_ONLINE;24;24;
1675162930.328;"2023-01-31";"08:02:10";Recebida;4012 - 4012;URA - FR_ONLINE;29;29;
1675163035.330;"2023-01-31";"08:03:55";Recebida;0014 - 0014;URA - FR_ONLINE;25;25;
1675163082.332;"2023-01-31";"08:04:42";Recebida;2613 - 2613;URA - FR_ONLINE;18;18;
1675163089.334;"2023-01-31";"08:04:50";Recebida;1004 - 1004;URA - FR_ONLINE;25;25;
1675163112.336;"2023-01-31";"08:05:12";Recebida;4207 - 4207;URA - FR_ONLINE;31;31;
1675163143.338;"2023-01-31";"08:05:43";Recebida;2702 - 2702;URA - FR_ONLINE;35;35;
1675163170.340;"2023-01-31";"08:06:10";Recebida;4207 - 4207;URA - FR_ONLINE;27;27;
1675163215.342;"2023-01-31";"08:06:55";Recebida;2010 - 2010;URA - FR_ONLINE;26;26;
1675163237.344;"2023-01-31";"08:07:17";Recebida;2710 - 2710;URA - FR_ONLINE;55;55;
1675163239.345;"2023-01-31";"08:07:19";Recebida;0017 - 0017;URA - FR_ONLINE;23;23;
1675163265.348;"2023-01-31";"08:07:45";Recebida;0216 - 0216;URA - FR_ONLINE;26;26;
1675163283.350;"2023-01-31";"08:08:03";Recebida;1417 - 1417;URA - FR_ONLINE;41;41;
1675163316.352;"2023-01-31";"08:08:36";Recebida;2710 - 2710;URA - FR_ONLINE;24;24;
1675163350.354;"2023-01-31";"08:09:10";Recebida;2016 - 2016;URA - FR_ONLINE;33;33;
1675163400.358;"2023-01-31";"08:10:00";Recebida;1801 - 1801;URA - FR_ONLINE;41;41;
1675163469.360;"2023-01-31";"08:11:09";Recebida;1110 - 1110;URA - FR_ONLINE;25;25;
1675163513.362;"2023-01-31";"08:11:53";Recebida;3802 - 3802;URA - FR_ONLINE;23;23;
1675163603.364;"2023-01-31";"08:13:24";Recebida;2010 - 2010;URA - FR_ONLINE;24;24;
1675163638.366;"2023-01-31";"08:13:59";Recebida;4021 - 4021;URA - FR_ONLINE;14;14;
1675163661.368;"2023-01-31";"08:14:21";Recebida;9802 - 9802;URA - FR_ONLINE;62;62;
1675163688.371;"2023-01-31";"08:14:48";Recebida;2010 - 2010;URA - FR_ONLINE;18;18;
1675163716.373;"2023-01-31";"08:15:17";Recebida;4221 - 4221;URA - FR_ONLINE;27;27;
1675163724.375;"2023-01-31";"08:15:24";Recebida;2303 - 2303;URA - FR_ONLINE;35;35;
1675163755.377;"2023-01-31";"08:15:55";Recebida;2604 - 2604;URA - FR_ONLINE;81;81;
1675163854.379;"2023-01-31";"08:17:34";Recebida;2708 - 2708;URA - FR_ONLINE;19;19;
1675163879.381;"2023-01-31";"08:17:59";Recebida;1803 - 1803;URA - FR_ONLINE;19;19;
1675163912.383;"2023-01-31";"08:18:32";Recebida;4404 - 4404;URA - FR_ONLINE;16;16;
1675163923.385;"2023-01-31";"08:18:43";Recebida;4121 - 4121;URA - FR_ONLINE;25;25;
1675163998.387;"2023-01-31";"08:19:58";Recebida;2604 - 2604;URA - FR_ONLINE;115;115;
1675164005.389;"2023-01-31";"08:20:05";Recebida;2801 - 2801;URA - FR_ONLINE;23;23;
1675164012.391;"2023-01-31";"08:20:12";Recebida;1417 - 1417;URA - FR_ONLINE;26;26;
1675164029.393;"2023-01-31";"08:20:29";Recebida;2805 - 2805;URA - FR_ONLINE;33;33;
1675164112.395;"2023-01-31";"08:21:52";Recebida;4404 - 4404;URA - FR_ONLINE;22;22;
1675164141.397;"2023-01-31";"08:22:21";Recebida;1913 - 1913;URA - FR_ONLINE;30;30;
1675164152.399;"2023-01-31";"08:22:32";Recebida;0414 - 0414;URA - FR_ONLINE;23;23;
1675164218.402;"2023-01-31";"08:23:38";Recebida;3709 - 3709;URA - FR_ONLINE;18;18;
1675164244.404;"2023-01-31";"08:24:04";Recebida;1002 - 1002;URA - FR_ONLINE;42;42;
1675164272.406;"2023-01-31";"08:24:32";Recebida;2008 - 2008;URA - FR_ONLINE;31;31;
1675164305.408;"2023-01-31";"08:25:05";Recebida;3707 - 3707;URA - FR_ONLINE;26;26;
1675164308.409;"2023-01-31";"08:25:08";Recebida;0216 - 0216;URA - FR_ONLINE;22;22;
1675164329.412;"2023-01-31";"08:25:29";Recebida;2405 - 2405;URA - FR_ONLINE;23;23;
1675164332.413;"2023-01-31";"08:25:32";Recebida;3506 - 3506;URA - FR_ONLINE;21;21;
1675164341.416;"2023-01-31";"08:25:41";Recebida;2414 - 2414;URA - FR_ONLINE;18;18;
1675164419.418;"2023-01-31";"08:26:59";Recebida;0216 - 0216;URA - FR_ONLINE;24;24;
1675164449.420;"2023-01-31";"08:27:29";Recebida;2117 - 2117;URA - FR_ONLINE;20;20;
1675164499.422;"2023-01-31";"08:28:20";Recebida;2704 - 2704;URA - FR_ONLINE;33;33;
1675164635.424;"2023-01-31";"08:30:36";Recebida;3410 - 3410;URA - FR_ONLINE;26;26;
1675164786.428;"2023-01-31";"08:33:06";Recebida;1802 - 1802;URA - FR_ONLINE;34;34;
1675164873.436;"2023-01-31";"08:34:33";Recebida;0207 - 0207;URA - FR_ONLINE;17;17;
1675164885.438;"2023-01-31";"08:34:45";Recebida;0211 - 0211;URA - FR_ONLINE;24;24;
1675164924.440;"2023-01-31";"08:35:24";Recebida;0214 - 0214;URA - FR_ONLINE;19;19;
1675164947.442;"2023-01-31";"08:35:47";Recebida;4212 - 4212;URA - FR_ONLINE;24;24;
1675164987.444;"2023-01-31";"08:36:27";Recebida;4408 - 4408;URA - FR_ONLINE;24;24;
1675165078.446;"2023-01-31";"08:37:58";Recebida;3512 - 3512;URA - FR_ONLINE;28;28;
1675165113.448;"2023-01-31";"08:38:34";Recebida;0214 - 0214;URA - FR_ONLINE;35;35;
1675165128.450;"2023-01-31";"08:38:48";Recebida;0011 - 0011;URA - FR_ONLINE;24;24;
1675165152.452;"2023-01-31";"08:39:12";Recebida;1823 - 1823;URA - FR_ONLINE;46;46;
1675165181.454;"2023-01-31";"08:39:41";Recebida;2117 - 2117;URA - FR_ONLINE;93;93;
1675165183.455;"2023-01-31";"08:39:43";Recebida;2702 - 2702;URA - FR_ONLINE;28;28;
1675165262.458;"2023-01-31";"08:41:03";Recebida;9802 - 9802;URA - FR_ONLINE;19;19;
1675165301.460;"2023-01-31";"08:41:41";Recebida;4416 - 4416;URA - FR_ONLINE;30;30;
1675165350.462;"2023-01-31";"08:42:30";Recebida;0214 - 0214;URA - FR_ONLINE;23;23;
1675165363.464;"2023-01-31";"08:42:43";Recebida;0207 - 0207;URA - FR_ONLINE;36;36;
1675165437.466;"2023-01-31";"08:43:57";Recebida;3512 - 3512;URA - FR_ONLINE;35;35;
1675165467.468;"2023-01-31";"08:44:27";Recebida;4404 - 4404;URA - FR_ONLINE;21;21;
1675165515.470;"2023-01-31";"08:45:15";Recebida;3512 - 3512;URA - FR_ONLINE;35;35;
1675165523.472;"2023-01-31";"08:45:23";Recebida;2604 - 2604;URA - FR_ONLINE;33;33;
1675165546.477;"2023-01-31";"08:45:46";Recebida;0003 - 0003;URA - FR_ONLINE;40;40;
1675165595.481;"2023-01-31";"08:46:35";Recebida;1410 - 1410;URA - FR_ONLINE;38;38;
1675165616.485;"2023-01-31";"08:46:56";Recebida;4201 - 4201;URA - FR_ONLINE;37;37;
1675165652.491;"2023-01-31";"08:47:32";Recebida;3509 - 3509;URA - FR_ONLINE;25;25;
1675165662.493;"2023-01-31";"08:47:42";Recebida;1817 - 1817;URA - FR_ONLINE;44;44;
1675165663.494;"2023-01-31";"08:47:43";Recebida;2211 - 2211;URA - FR_ONLINE;25;25;
1675165669.496;"2023-01-31";"08:47:49";Recebida;3703 - 3703;URA - FR_ONLINE;2;2;
1675165671.498;"2023-01-31";"08:47:52";Recebida;4111 - 4111;URA - FR_ONLINE;95;95;
1675165714.500;"2023-01-31";"08:48:34";Recebida;4105 - 4105;URA - FR_ONLINE;17;17;
1675165792.502;"2023-01-31";"08:49:53";Recebida;4002 - 4002;URA - FR_ONLINE;25;25;
1675165795.503;"2023-01-31";"08:49:55";Recebida;4012 - 4012;URA - FR_ONLINE;23;23;
1675165917.506;"2023-01-31";"08:51:57";Recebida;2604 - 2604;URA - FR_ONLINE;26;26;
1675165934.508;"2023-01-31";"08:52:14";Recebida;0003 - 0003;URA - FR_ONLINE;62;62;
1675165961.510;"2023-01-31";"08:52:41";Recebida;2115 - 2115;URA - FR_ONLINE;25;25;
1675165999.512;"2023-01-31";"08:53:19";Recebida;1404 - 1404;URA - FR_ONLINE;34;34;
1675166017.514;"2023-01-31";"08:53:37";Recebida;2414 - 2414;URA - FR_ONLINE;23;23;
1675166027.516;"2023-01-31";"08:53:48";Recebida;2809 - 2809;URA - FR_ONLINE;27;27;
1675166041.517;"2023-01-31";"08:54:01";Recebida;2118 - 2118;URA - FR_ONLINE;23;23;
1675166047.519;"2023-01-31";"08:54:07";Recebida;2016 - 2016;URA - FR_ONLINE;30;30;
1675166055.521;"2023-01-31";"08:54:15";Recebida;3703 - 3703;URA - FR_ONLINE;29;29;
1675166075.524;"2023-01-31";"08:54:35";Recebida;0218 - 0218;URA - FR_ONLINE;30;30;
1675166083.525;"2023-01-31";"08:54:43";Recebida;2307 - 2307;URA - FR_ONLINE;48;48;
1675166095.528;"2023-01-31";"08:54:55";Recebida;0209 - 0209;URA - FR_ONLINE;2;2;
1675166099.529;"2023-01-31";"08:54:59";Recebida;2809 - 2809;URA - FR_ONLINE;31;31;
1675166111.530;"2023-01-31";"08:55:11";Recebida;3513 - 3513;URA - FR_ONLINE;48;48;
1675166132.532;"2023-01-31";"08:55:32";Recebida;4002 - 4002;URA - FR_ONLINE;18;18;
1675166148.535;"2023-01-31";"08:55:49";Recebida;0208 - 0208;URA - FR_ONLINE;39;39;
1675166172.537;"2023-01-31";"08:56:12";Recebida;3506 - 3506;URA - FR_ONLINE;19;19;
1675166173.538;"2023-01-31";"08:56:13";Recebida;3518 - 3518;URA - FR_ONLINE;38;38;
1675166201.541;"2023-01-31";"08:56:41";Recebida;0209 - 0209;URA - FR_ONLINE;39;39;
1675166221.543;"2023-01-31";"08:57:01";Recebida;0216 - 0216;URA - FR_ONLINE;36;36;
1675166226.544;"2023-01-31";"08:57:07";Recebida;2317 - 2317;URA - FR_ONLINE;36;36;
1675166232.546;"2023-01-31";"08:57:12";Recebida;0207 - 0207;URA - FR_ONLINE;43;43;
1675166248.548;"2023-01-31";"08:57:28";Recebida;3805 - 3805;URA - FR_ONLINE;42;42;
1675166305.551;"2023-01-31";"08:58:25";Recebida;4404 - 4404;URA - FR_ONLINE;22;22;
1675166323.553;"2023-01-31";"08:58:43";Recebida;2414 - 2414;URA - FR_ONLINE;21;21;
1675166364.555;"2023-01-31";"08:59:24";Recebida;1806 - 1806;URA - FR_ONLINE;20;20;
1675166399.557;"2023-01-31";"08:59:59";Recebida;0208 - 0208;URA - FR_ONLINE;30;30;
1675166412.559;"2023-01-31";"09:00:13";Recebida;4008 - 4008;URA - FR_ONLINE;28;28;
1675166422.561;"2023-01-31";"09:00:22";Recebida;4019 - 4019;URA - FR_ONLINE;36;36;
1675166428.562;"2023-01-31";"09:00:28";Recebida;1014 - 1014;URA - FR_ONLINE;40;40;
1675166438.563;"2023-01-31";"09:00:38";Recebida;3420 - 3420;URA - FR_ONLINE;69;69;
1675166446.565;"2023-01-31";"09:00:46";Recebida;3513 - 3513;URA - FR_ONLINE;47;47;
1675166455.567;"2023-01-31";"09:00:55";Recebida;2311 - 2311;URA - FR_ONLINE;66;66;
1675166461.568;"2023-01-31";"09:01:01";Recebida;2708 - 2708;URA - FR_ONLINE;101;101;
1675166481.571;"2023-01-31";"09:01:21";Recebida;2109 - 2109;URA - FR_ONLINE;80;80;
1675166516.573;"2023-01-31";"09:01:56";Recebida;4112 - 4112;URA - FR_ONLINE;69;69;
1675166552.576;"2023-01-31";"09:02:33";Recebida;4004 - 4004;URA - FR_ONLINE;46;46;
1675166559.577;"2023-01-31";"09:02:39";Recebida;0209 - 0209;URA - FR_ONLINE;45;45;
1675166598.581;"2023-01-31";"09:03:18";Recebida;2310 - 2310;URA - FR_ONLINE;51;51;
1675166603.582;"2023-01-31";"09:03:23";Recebida;2005 - 2005;URA - FR_ONLINE;36;36;
1675166615.584;"2023-01-31";"09:03:35";Recebida;4021 - 4021;URA - FR_ONLINE;24;24;
1675166620.586;"2023-01-31";"09:03:41";Recebida;3811 - 3811;URA - FR_ONLINE;45;45;
1675166627.588;"2023-01-31";"09:03:47";Recebida;1419 - 1419;URA - FR_ONLINE;44;44;
1675166638.589;"2023-01-31";"09:03:58";Recebida;1415 - 1415;URA - FR_ONLINE;35;35;
1675166656.592;"2023-01-31";"09:04:16";Recebida;2602 - 2602;URA - FR_ONLINE;37;37;
1675166677.595;"2023-01-31";"09:04:37";Recebida;3515 - 3515;URA - FR_ONLINE;20;20;
1675166681.596;"2023-01-31";"09:04:41";Recebida;2708 - 2708;URA - FR_ONLINE;20;20;
1675166698.599;"2023-01-31";"09:04:58";Recebida;4104 - 4104;URA - FR_ONLINE;23;23;
1675166704.600;"2023-01-31";"09:05:04";Recebida;0211 - 0211;URA - FR_ONLINE;46;46;
1675166751.603;"2023-01-31";"09:05:51";Recebida;1012 - 1012;URA - FR_ONLINE;31;31;
1675166765.605;"2023-01-31";"09:06:05";Recebida;4207 - 4207;URA - FR_ONLINE;24;24;
1675166766.606;"2023-01-31";"09:06:06";Recebida;2307 - 2307;URA - FR_ONLINE;118;118;
1675166770.607;"2023-01-31";"09:06:10";Recebida;1911 - 1911;URA - FR_ONLINE;38;38;
1675166774.610;"2023-01-31";"09:06:14";Recebida;2204 - 2204;URA - FR_ONLINE;22;22;
1675166782.613;"2023-01-31";"09:06:22";Recebida;2213 - 2213;URA - FR_ONLINE;30;30;
1675166784.614;"2023-01-31";"09:06:25";Recebida;4201 - 4201;URA - FR_ONLINE;33;33;
1675166805.618;"2023-01-31";"09:06:45";Recebida;3410 - 3410;URA - FR_ONLINE;15;15;
1675166816.620;"2023-01-31";"09:06:56";Recebida;4111 - 4111;URA - FR_ONLINE;22;22;
1675166816.621;"2023-01-31";"09:06:57";Recebida;3802 - 3802;URA - FR_ONLINE;29;29;
1675166831.624;"2023-01-31";"09:07:11";Recebida;0208 - 0208;URA - FR_ONLINE;2;2;
1675166833.625;"2023-01-31";"09:07:13";Recebida;4404 - 4404;URA - FR_ONLINE;24;24;
1675166836.626;"2023-01-31";"09:07:17";Recebida;2016 - 2016;URA - FR_ONLINE;18;18;
1675166837.627;"2023-01-31";"09:07:18";Recebida;4115 - 4115;URA - FR_ONLINE;23;23;
1675166842.629;"2023-01-31";"09:07:22";Recebida;0208 - 0208;URA - FR_ONLINE;23;23;
1675166849.633;"2023-01-31";"09:07:29";Recebida;4201 - 4201;URA - FR_ONLINE;19;19;
1675166854.635;"2023-01-31";"09:07:35";Recebida;4416 - 4416;URA - FR_ONLINE;25;25;
1675166926.638;"2023-01-31";"09:08:46";Recebida;3401 - 3401;URA - FR_ONLINE;87;87;
1675166958.640;"2023-01-31";"09:09:19";Recebida;2116 - 2116;URA - FR_ONLINE;26;26;
1675166979.642;"2023-01-31";"09:09:39";Recebida;2302 - 2302;URA - FR_ONLINE;49;49;
1675166985.643;"2023-01-31";"09:09:45";Recebida;4211 - 4211;URA - FR_ONLINE;25;25;
1675167014.646;"2023-01-31";"09:10:14";Recebida;4201 - 4201;URA - FR_ONLINE;95;95;
1675167016.647;"2023-01-31";"09:10:16";Recebida;2707 - 2707;URA - FR_ONLINE;27;27;
1675167019.648;"2023-01-31";"09:10:19";Recebida;2708 - 2708;URA - FR_ONLINE;31;31;
1675167032.652;"2023-01-31";"09:10:32";Recebida;0209 - 0209;URA - FR_ONLINE;36;36;
1675167047.654;"2023-01-31";"09:10:47";Recebida;4406 - 4406;URA - FR_ONLINE;5;5;
1675167050.655;"2023-01-31";"09:10:51";Recebida;4112 - 4112;URA - FR_ONLINE;23;23;
1675167059.657;"2023-01-31";"09:10:59";Recebida;4406 - 4406;URA - FR_ONLINE;22;22;
1675167085.659;"2023-01-31";"09:11:25";Recebida;3802 - 3802;URA - FR_ONLINE;41;41;
1675167131.661;"2023-01-31";"09:12:11";Recebida;4118 - 4118;URA - FR_ONLINE;34;34;
1675167138.663;"2023-01-31";"09:12:18";Recebida;4201 - 4201;URA - FR_ONLINE;31;31;
1675167159.665;"2023-01-31";"09:12:39";Recebida;4410 - 4410;URA - FR_ONLINE;73;73;
1675167159.666;"2023-01-31";"09:12:39";Recebida;4212 - 4212;URA - FR_ONLINE;21;21;
1675167168.669;"2023-01-31";"09:12:49";Recebida;4002 - 4002;URA - FR_ONLINE;48;48;
1675167173.670;"2023-01-31";"09:12:53";Recebida;2111 - 2111;URA - FR_ONLINE;35;35;
1675167175.672;"2023-01-31";"09:12:55";Recebida;4112 - 4112;URA - FR_ONLINE;33;33;
1675167190.676;"2023-01-31";"09:13:10";Recebida;2019 - 2019;URA - FR_ONLINE;23;23;
1675167213.678;"2023-01-31";"09:13:33";Recebida;2203 - 2203;URA - FR_ONLINE;31;31;
1675167216.679;"2023-01-31";"09:13:37";Recebida;4408 - 4408;URA - FR_ONLINE;22;22;
1675167221.681;"2023-01-31";"09:13:41";Recebida;4404 - 4404;URA - FR_ONLINE;26;26;
1675167277.684;"2023-01-31";"09:14:37";Recebida;2613 - 2613;URA - FR_ONLINE;31;31;
1675167281.685;"2023-01-31";"09:14:41";Recebida;4413 - 4413;URA - FR_ONLINE;32;32;
1675167295.688;"2023-01-31";"09:14:55";Recebida;3515 - 3515;URA - FR_ONLINE;31;31;
1675167308.690;"2023-01-31";"09:15:08";Recebida;3519 - 3519;URA - FR_ONLINE;20;20;
1675167346.692;"2023-01-31";"09:15:46";Recebida;2311 - 2311;URA - FR_ONLINE;23;23;
1675167369.695;"2023-01-31";"09:16:10";Recebida;1014 - 1014;URA - FR_ONLINE;33;33;
1675167382.697;"2023-01-31";"09:16:22";Recebida;3703 - 3703;URA - FR_ONLINE;23;23;
1675167396.699;"2023-01-31";"09:16:36";Recebida;2109 - 2109;URA - FR_ONLINE;20;20;
1675167471.701;"2023-01-31";"09:17:51";Recebida;4105 - 4105;URA - FR_ONLINE;20;20;
1675167504.703;"2023-01-31";"09:18:24";Recebida;3515 - 3515;URA - FR_ONLINE;26;26;
1675167514.705;"2023-01-31";"09:18:34";Recebida;4022 - 4022;URA - FR_ONLINE;27;27;
1675167576.707;"2023-01-31";"09:19:36";Recebida;3410 - 3410;URA - FR_ONLINE;21;21;
1675167576.708;"2023-01-31";"09:19:36";Recebida;4211 - 4211;URA - FR_ONLINE;20;20;
1675167603.711;"2023-01-31";"09:20:03";Recebida;3410 - 3410;URA - FR_ONLINE;23;23;
1675167635.713;"2023-01-31";"09:20:35";Recebida;2006 - 2006;URA - FR_ONLINE;36;36;
1675167650.715;"2023-01-31";"09:20:50";Recebida;1812 - 1812;URA - FR_ONLINE;25;25;
1675167696.718;"2023-01-31";"09:21:37";Recebida;0019 - 0019;URA - FR_ONLINE;36;36;
1675167727.720;"2023-01-31";"09:22:07";Recebida;3414 - 3414;URA - FR_ONLINE;36;36;
1675167743.722;"2023-01-31";"09:22:23";Recebida;1411 - 1411;URA - FR_ONLINE;27;27;
1675167763.724;"2023-01-31";"09:22:43";Recebida;1410 - 1410;URA - FR_ONLINE;24;24;
1675167897.726;"2023-01-31";"09:24:58";Recebida;2803 - 2803;URA - FR_ONLINE;20;20;
1675167911.728;"2023-01-31";"09:25:11";Recebida;4211 - 4211;URA - FR_ONLINE;26;26;
1675167928.730;"2023-01-31";"09:25:29";Recebida;2607 - 2607;URA - FR_ONLINE;49;49;
1675167931.731;"2023-01-31";"09:25:31";Recebida;1004 - 1004;URA - FR_ONLINE;22;22;
1675167942.734;"2023-01-31";"09:25:42";Recebida;1902 - 1902;URA - FR_ONLINE;49;49;
1675167953.736;"2023-01-31";"09:25:53";Recebida;1012 - 1012;URA - FR_ONLINE;32;32;
1675167999.738;"2023-01-31";"09:26:40";Recebida;2109 - 2109;URA - FR_ONLINE;21;21;
1675168016.740;"2023-01-31";"09:26:56";Recebida;3707 - 3707;URA - FR_ONLINE;17;17;
1675168085.742;"2023-01-31";"09:28:05";Recebida;3805 - 3805;URA - FR_ONLINE;61;61;
1675168098.744;"2023-01-31";"09:28:18";Recebida;2307 - 2307;URA - FR_ONLINE;24;24;
1675168132.746;"2023-01-31";"09:28:52";Recebida;0209 - 0209;URA - FR_ONLINE;35;35;
1675168197.748;"2023-01-31";"09:29:57";Recebida;0218 - 0218;URA - FR_ONLINE;71;71;
1675168214.750;"2023-01-31";"09:30:14";Recebida;3102 - 3102;URA - FR_ONLINE;79;79;
1675168234.753;"2023-01-31";"09:30:34";Recebida;3709 - 3709;URA - FR_ONLINE;34;34;
1675168243.755;"2023-01-31";"09:30:43";Recebida;2213 - 2213;URA - FR_ONLINE;26;26;
1675168334.757;"2023-01-31";"09:32:14";Recebida;4118 - 4118;URA - FR_ONLINE;16;16;
1675168334.758;"2023-01-31";"09:32:14";Recebida;3102 - 3102;URA - FR_ONLINE;28;28;
1675168361.761;"2023-01-31";"09:32:41";Recebida;2213 - 2213;URA - FR_ONLINE;33;33;
1675168364.762;"2023-01-31";"09:32:44";Recebida;3420 - 3420;URA - FR_ONLINE;25;25;
1675168372.766;"2023-01-31";"09:32:52";Recebida;2303 - 2303;URA - FR_ONLINE;21;21;
1675168379.768;"2023-01-31";"09:32:59";Recebida;0208 - 0208;URA - FR_ONLINE;29;29;
1675168397.770;"2023-01-31";"09:33:17";Recebida;0422 - 0422;URA - FR_ONLINE;22;22;
1675168410.772;"2023-01-31";"09:33:31";Recebida;0207 - 0207;URA - FR_ONLINE;18;18;
1675168413.773;"2023-01-31";"09:33:33";Recebida;4019 - 4019;URA - FR_ONLINE;25;25;
1675168434.776;"2023-01-31";"09:33:54";Recebida;0019 - 0019;URA - FR_ONLINE;22;22;
1675168461.778;"2023-01-31";"09:34:21";Recebida;1414 - 1414;URA - FR_ONLINE;18;18;
1675168472.780;"2023-01-31";"09:34:32";Recebida;4121 - 4121;URA - FR_ONLINE;20;20;
1675168497.782;"2023-01-31";"09:34:57";Recebida;0412 - 0412;URA - FR_ONLINE;24;24;
1675168503.783;"2023-01-31";"09:35:04";Recebida;2303 - 2303;URA - FR_ONLINE;41;41;
1675168515.786;"2023-01-31";"09:35:16";Recebida;1111 - 1111;URA - FR_ONLINE;17;17;
1675168518.787;"2023-01-31";"09:35:18";Recebida;4221 - 4221;URA - FR_ONLINE;20;20;
1675168538.790;"2023-01-31";"09:35:38";Recebida;2116 - 2116;URA - FR_ONLINE;108;108;
1675168542.791;"2023-01-31";"09:35:42";Recebida;3812 - 3812;URA - FR_ONLINE;29;29;
1675168573.795;"2023-01-31";"09:36:14";Recebida;0419 - 0419;URA - FR_ONLINE;31;31;
1675168613.797;"2023-01-31";"09:36:53";Recebida;4207 - 4207;URA - FR_ONLINE;62;62;
1675168661.799;"2023-01-31";"09:37:41";Recebida;2109 - 2109;URA - FR_ONLINE;27;27;
1675168670.801;"2023-01-31";"09:37:51";Recebida;4410 - 4410;URA - FR_ONLINE;18;18;
1675168694.803;"2023-01-31";"09:38:14";Recebida;4118 - 4118;URA - FR_ONLINE;48;48;
1675168698.804;"2023-01-31";"09:38:18";Recebida;0403 - 0403;URA - FR_ONLINE;21;21;
1675168707.807;"2023-01-31";"09:38:27";Recebida;4209 - 4209;URA - FR_ONLINE;19;19;
1675168710.808;"2023-01-31";"09:38:31";Recebida;3401 - 3401;URA - FR_ONLINE;26;26;
1675168767.811;"2023-01-31";"09:39:27";Recebida;3804 - 3804;URA - FR_ONLINE;22;22;
1675168783.813;"2023-01-31";"09:39:43";Recebida;4212 - 4212;URA - FR_ONLINE;22;22;
1675168788.814;"2023-01-31";"09:39:48";Recebida;4215 - 4215;URA - FR_ONLINE;25;25;
1675168803.817;"2023-01-31";"09:40:03";Recebida;4201 - 4201;URA - FR_ONLINE;21;21;
1675168821.819;"2023-01-31";"09:40:21";Recebida;4118 - 4118;URA - FR_ONLINE;27;27;
1675168823.820;"2023-01-31";"09:40:23";Recebida;3809 - 3809;URA - FR_ONLINE;23;23;
1675168874.823;"2023-01-31";"09:41:14";Recebida;1103 - 1103;URA - FR_ONLINE;39;39;
1675168887.825;"2023-01-31";"09:41:28";Recebida;3821 - 3821;URA - FR_ONLINE;181;181;
1675168948.828;"2023-01-31";"09:42:28";Recebida;1911 - 1911;URA - FR_ONLINE;64;64;
1675168949.829;"2023-01-31";"09:42:29";Recebida;3709 - 3709;URA - FR_ONLINE;30;30;
1675168955.832;"2023-01-31";"09:42:36";Recebida;2008 - 2008;URA - FR_ONLINE;23;23;
1675168958.833;"2023-01-31";"09:42:38";Recebida;3401 - 3401;URA - FR_ONLINE;16;16;
1675168975.836;"2023-01-31";"09:42:56";Recebida;2016 - 2016;URA - FR_ONLINE;21;21;
1675168980.837;"2023-01-31";"09:43:00";Recebida;4404 - 4404;URA - FR_ONLINE;24;24;
1675169028.840;"2023-01-31";"09:43:48";Recebida;4121 - 4121;URA - FR_ONLINE;51;51;
1675169032.841;"2023-01-31";"09:43:52";Recebida;2215 - 2215;URA - FR_ONLINE;28;28;
1675169053.844;"2023-01-31";"09:44:13";Recebida;0403 - 0403;URA - FR_ONLINE;38;38;
1675169063.846;"2023-01-31";"09:44:23";Recebida;0018 - 0018;URA - FR_ONLINE;31;31;
1675169144.848;"2023-01-31";"09:45:44";Recebida;4416 - 4416;URA - FR_ONLINE;22;22;
1675169158.850;"2023-01-31";"09:45:58";Recebida;2317 - 2317;URA - FR_ONLINE;41;41;
1675169165.852;"2023-01-31";"09:46:05";Recebida;4410 - 4410;URA - FR_ONLINE;20;20;
1675169167.853;"2023-01-31";"09:46:07";Recebida;1105 - 1105;URA - FR_ONLINE;41;41;
1675169173.855;"2023-01-31";"09:46:14";Recebida;2307 - 2307;URA - FR_ONLINE;17;17;
1675169182.859;"2023-01-31";"09:46:22";Recebida;2303 - 2303;URA - FR_ONLINE;22;22;
1675169194.861;"2023-01-31";"09:46:34";Recebida;3516 - 3516;URA - FR_ONLINE;22;22;
1675169199.862;"2023-01-31";"09:46:39";Recebida;3804 - 3804;URA - FR_ONLINE;26;26;
1675169199.863;"2023-01-31";"09:46:39";Recebida;1410 - 1410;URA - FR_ONLINE;27;27;
1675169220.867;"2023-01-31";"09:47:00";Recebida;0408 - 0408;URA - FR_ONLINE;24;24;
1675169256.869;"2023-01-31";"09:47:36";Recebida;2117 - 2117;URA - FR_ONLINE;31;31;
1675169281.872;"2023-01-31";"09:48:01";Recebida;4404 - 4404;URA - FR_ONLINE;17;17;
1675169302.874;"2023-01-31";"09:48:22";Recebida;0011 - 0011;URA - FR_ONLINE;23;23;
1675169311.876;"2023-01-31";"09:48:31";Recebida;2117 - 2117;URA - FR_ONLINE;21;21;
1675169326.878;"2023-01-31";"09:48:47";Recebida;2307 - 2307;URA - FR_ONLINE;34;34;
1675169347.880;"2023-01-31";"09:49:07";Recebida;2117 - 2117;URA - FR_ONLINE;20;20;
1675169347.881;"2023-01-31";"09:49:07";Recebida;2401 - 2401;URA - FR_ONLINE;26;26;
1675169349.882;"2023-01-31";"09:49:09";Recebida;4105 - 4105;URA - FR_ONLINE;32;32;
1675169353.884;"2023-01-31";"09:49:14";Recebida;0207 - 0207;URA - FR_ONLINE;32;32;
1675169390.888;"2023-01-31";"09:49:50";Interna;9955 - 9955;2117 - 2117;33;33;
1675169391.890;"2023-01-31";"09:49:51";Recebida;1809 - 1809;URA - FR_ONLINE;21;21;
1675169415.892;"2023-01-31";"09:50:15";Recebida;3513 - 3513;URA - FR_ONLINE;21;21;
1675169421.893;"2023-01-31";"09:50:21";Recebida;4404 - 4404;URA - FR_ONLINE;26;26;
1675169464.896;"2023-01-31";"09:51:05";Recebida;3809 - 3809;URA - FR_ONLINE;24;24;
1675169468.897;"2023-01-31";"09:51:08";Recebida;3420 - 3420;URA - FR_ONLINE;23;23;
1675169474.899;"2023-01-31";"09:51:14";Recebida;2118 - 2118;URA - FR_ONLINE;21;21;
1675169481.902;"2023-01-31";"09:51:22";Recebida;2208 - 2208;URA - FR_ONLINE;17;17;
1675169507.904;"2023-01-31";"09:51:47";Recebida;0218 - 0218;URA - FR_ONLINE;56;56;
1675169515.906;"2023-01-31";"09:51:55";Recebida;2208 - 2208;URA - FR_ONLINE;23;23;
1675169527.908;"2023-01-31";"09:52:07";Recebida;4405 - 4405;URA - FR_ONLINE;41;41;
1675169538.910;"2023-01-31";"09:52:19";Recebida;3510 - 3510;URA - FR_ONLINE;32;32;
1675169565.913;"2023-01-31";"09:52:45";Recebida;3819 - 3819;URA - FR_ONLINE;34;34;
1675169566.914;"2023-01-31";"09:52:46";Recebida;3811 - 3811;URA - FR_ONLINE;38;38;
1675169573.917;"2023-01-31";"09:52:53";Recebida;2006 - 2006;URA - FR_ONLINE;24;24;
1675169578.918;"2023-01-31";"09:52:59";Recebida;0218 - 0218;URA - FR_ONLINE;23;23;
1675169604.921;"2023-01-31";"09:53:24";Recebida;1004 - 1004;URA - FR_ONLINE;51;51;
1675169689.923;"2023-01-31";"09:54:49";Recebida;3414 - 3414;URA - FR_ONLINE;21;21;
1675169697.925;"2023-01-31";"09:54:58";Recebida;3805 - 3805;URA - FR_ONLINE;25;25;
1675169703.926;"2023-01-31";"09:55:03";Recebida;1801 - 1801;URA - FR_ONLINE;27;27;
1675169715.929;"2023-01-31";"09:55:15";Recebida;3404 - 3404;URA - FR_ONLINE;25;25;
1675169729.931;"2023-01-31";"09:55:29";Recebida;3802 - 3802;URA - FR_ONLINE;26;26;
1675169733.932;"2023-01-31";"09:55:34";Recebida;4101 - 4101;URA - FR_ONLINE;31;31;
1675169785.935;"2023-01-31";"09:56:25";Recebida;4211 - 4211;URA - FR_ONLINE;42;42;
1675169797.937;"2023-01-31";"09:56:37";Recebida;4118 - 4118;URA - FR_ONLINE;23;23;
1675169809.939;"2023-01-31";"09:56:50";Recebida;1014 - 1014;URA - FR_ONLINE;44;44;
1675169838.941;"2023-01-31";"09:57:18";Recebida;2111 - 2111;URA - FR_ONLINE;50;50;
1675169845.943;"2023-01-31";"09:57:25";Recebida;1806 - 1806;URA - FR_ONLINE;21;21;
1675169845.944;"2023-01-31";"09:57:25";Recebida;1804 - 1804;URA - FR_ONLINE;25;25;
1675169847.945;"2023-01-31";"09:57:27";Recebida;2203 - 2203;URA - FR_ONLINE;23;23;
1675169851.946;"2023-01-31";"09:57:31";Recebida;3809 - 3809;URA - FR_ONLINE;21;21;
1675169858.951;"2023-01-31";"09:57:38";Recebida;3407 - 3407;URA - FR_ONLINE;122;122;
1675169886.953;"2023-01-31";"09:58:06";Recebida;3513 - 3513;URA - FR_ONLINE;29;29;
1675169904.955;"2023-01-31";"09:58:24";Recebida;2013 - 2013;URA - FR_ONLINE;23;23;
1675169909.956;"2023-01-31";"09:58:29";Recebida;4118 - 4118;URA - FR_ONLINE;41;41;
1675169909.957;"2023-01-31";"09:58:29";Recebida;0217 - 0217;URA - FR_ONLINE;22;22;
1675169912.959;"2023-01-31";"09:58:32";Recebida;2015 - 2015;URA - FR_ONLINE;26;26;
1675169937.963;"2023-01-31";"09:58:57";Recebida;0212 - 0212;URA - FR_ONLINE;29;29;
1675169938.964;"2023-01-31";"09:58:59";Recebida;0208 - 0208;URA - FR_ONLINE;22;22;
1675169952.967;"2023-01-31";"09:59:12";Recebida;2401 - 2401;URA - FR_ONLINE;35;35;
1675169988.969;"2023-01-31";"09:59:48";Recebida;2405 - 2405;URA - FR_ONLINE;27;27;
1675170042.971;"2023-01-31";"10:00:42";Recebida;4410 - 4410;URA - FR_ONLINE;25;25;
1675170046.972;"2023-01-31";"10:00:46";Recebida;4002 - 4002;URA - FR_ONLINE;33;33;
1675170078.975;"2023-01-31";"10:01:18";Recebida;4410 - 4410;URA - FR_ONLINE;24;24;
1675170106.977;"2023-01-31";"10:01:46";Recebida;1419 - 1419;URA - FR_ONLINE;30;30;
1675170131.979;"2023-01-31";"10:02:12";Recebida;2016 - 2016;URA - FR_ONLINE;44;44;
1675170135.980;"2023-01-31";"10:02:15";Recebida;2410 - 2410;URA - FR_ONLINE;41;41;
1675170135.981;"2023-01-31";"10:02:15";Recebida;3516 - 3516;URA - FR_ONLINE;35;35;
1675170180.985;"2023-01-31";"10:03:00";Recebida;3714 - 3714;URA - FR_ONLINE;27;27;
1675170201.988;"2023-01-31";"10:03:21";Recebida;3404 - 3404;URA - FR_ONLINE;45;45;
1675170234.990;"2023-01-31";"10:03:55";Recebida;1810 - 1810;URA - FR_ONLINE;36;36;
1675170236.991;"2023-01-31";"10:03:56";Recebida;1802 - 1802;URA - FR_ONLINE;47;47;
1675170271.994;"2023-01-31";"10:04:31";Recebida;3503 - 3503;URA - FR_ONLINE;23;23;
1675170291.996;"2023-01-31";"10:04:51";Recebida;3708 - 3708;URA - FR_ONLINE;7;7;
